Pozo,Fecha,Stick up,Nivel1,Nivel,Observacion
CB-1,1/1/2014,0.8,,,Seco
CB-1,2/1/2014,0.8,,,Seco
CB-1,2/1/2014,0.8,,,Seco
CB-1,3/1/2014,0.8,,,Seco
CB-1,6/22/2014,0.8,,,Seco
CB-1,6/22/2014,0.8,,,Seco
CB-1,6/22/2014,0.8,,,Seco
CB-1,7/28/2014,0.8,,,Seco
CB-1,8/24/2014,0.8,,,Seco
CB-1,10/30/2014,0.8,,,Seco
CB-1,11/12/2014,0.8,,,Seco
CB-1,3/3/2015,0.8,,,Seco
CB-1,4/3/2015,0.8,,,Seco
CB-1,5/3/2015,0.8,,,Seco
CB-1,6/4/2015,0.8,,,Seco
CB-1,7/21/2015,0.8,,,Seco
CB-1,7/21/2015,0.8,,,Seco
CB-1,9/3/2015,0.8,,,Seco
CB-1,10/22/2015,0.8,,,Seco
CB-1,11/19/2015,0.8,,,Seco
CB-1,11/30/2015,0.8,,,Seco
CB-1,1/5/2016,0.8,,,Seco
CB-1,2/23/2016,0.8,,,Seco
CB-1,3/3/2016,0.8,,,Seco
CB-1,4/6/2016,0.8,,,Seco
CB-1,5/10/2016,0.8,,,Seco
CB-10,10/22/2013,0.75,90.91,90.16,
CB-10,11/22/2013,0.75,90.84,90.09,
CB-10,12/22/2013,0.75,90.73,89.98,
CB-10,1/20/2014,0.75,90.7,89.95,
CB-10,2/23/2014,0.75,90.76,90.01,
CB-10,3/29/2014,0.75,90.67,89.92,
CB-10,4/27/2014,0.75,90.65,89.9,
CB-10,5/22/2014,0.75,90.6,89.85,
CB-10,6/21/2014,0.75,90.53,89.78,
CB-10,7/21/2014,0.75,90.46,89.71,
CB-10,8/23/2014,0.75,90.35,89.6,
CB-10,9/27/2014,0.75,90.28,89.53,
CB-10,10/31/2014,0.75,90.26,89.51,
CB-10,11/13/2014,0.75,90.23,89.48,
CB-10,12/11/2014,0.75,90.2,89.45,
CB-10,1/11/2015,0.75,90.18,89.43,
CB-10,2/11/2015,0.75,90.2,89.45,
CB-10,3/4/2015,0.75,90.17,89.42,
CB-10,4/4/2015,0.75,90.16,89.41,
CB-10,5/20/2015,0.75,90.09,89.34,
CB-10,6/3/2015,0.75,90.08,89.33,
CB-10,7/20/2015,0.75,89.95,89.2,
CB-10,8/12/2015,0.75,89.95,89.2,
CB-10,9/1/2015,0.75,89.92,89.17,
CB-10,10/21/2015,0.75,89.8,89.05,
CB-10,11/18/2015,0.75,89.67,88.92,
CB-10,12/3/2015,0.75,89.64,88.89,
CB-10,1/5/2016,0.75,89.65,88.9,
CB-10,2/24/2016,0.75,89.56,88.81,
CB-10,3/6/2016,0.75,89.57,88.82,
CB-10,4/8/2016,0.75,89.53,88.78,
CB-10,5/12/2016,0.75,89.52,88.77,
CB-11,1/1/2014,0.7,,,Seco
CB-11,2/1/2014,0.7,,,Seco
CB-11,2/1/2014,0.7,,,Seco
CB-11,3/1/2014,0.7,,,Seco
CB-11,6/22/2014,0.7,,,Seco
CB-11,6/22/2014,0.7,,,Seco
CB-11,6/22/2014,0.7,,,Seco
CB-11,7/28/2014,0.7,,,Seco
CB-11,8/24/2014,0.7,,,Seco
CB-11,10/30/2014,0.7,,,Seco
CB-11,11/12/2014,0.7,,,Seco
CB-11,12/13/2014,0.7,,,Seco
CB-11,3/5/2015,0.7,,,Seco
CB-11,4/5/2015,0.7,,,Seco
CB-11,5/21/2015,0.7,,,Seco
CB-11,6/2/2015,0.7,,,Seco
CB-11,7/2/2015,0.7,,,Seco
CB-11,8/13/2015,0.7,,,Seco
CB-11,9/2/2015,0.7,,,Seco
CB-11,10/20/2015,0.7,,,Seco
CB-11,11/18/2015,0.7,,,Seco
CB-11,12/4/2015,0.7,,,Seco
CB-11,1/4/2016,0.7,,,Seco
CB-11,2/23/2016,0.7,,,Seco
CB-11,3/5/2016,0.7,,,Seco
CB-11,4/9/2016,0.7,,,Seco
CB-11,5/11/2016,0.7,,,Seco
CB-12,2/25/2014,0.73,,,Seco
CB-12,3/28/2014,0.73,,,Seco
CB-12,4/25/2014,0.73,,,Seco
CB-12,6/22/2014,0.73,,,Seco
CB-12,6/22/2014,0.73,,,Seco
CB-12,7/28/2014,0.73,,,Seco
CB-12,8/24/2014,0.73,,,Seco
CB-12,10/29/2014,0.73,,,Seco
CB-12,11/12/2014,0.73,,,Seco
CB-12,12/13/2014,0.73,,,Seco
CB-12,1/13/2015,0.73,,,Seco
CB-12,2/13/2015,0.73,,,Seco
CB-12,3/2/2015,0.73,,,Seco
CB-12,4/2/2015,0.73,48.82,48.09,Pozo con nivel
CB-12,5/20/2015,0.73,48.73,48,
CB-12,6/3/2015,0.73,48.7,47.97,
CB-12,7/21/2015,0.73,48.57,47.84,
CB-12,8/12/2015,0.73,48.53,47.8,
CB-12,9/1/2015,0.73,48.48,47.75,
CB-12,10/21/2015,0.73,48.32,47.59,
CB-12,11/19/2015,0.73,48.24,47.51,
CB-12,11/30/2015,0.73,48.21,47.48,
CB-12,1/5/2016,0.73,48.08,47.35,
CB-12,2/23/2016,0.73,47.87,47.14,
CB-12,3/5/2016,0.73,47.86,47.13,
CB-12,4/6/2016,0.73,48,47.27,
CB-12,5/9/2016,0.73,48.26,47.53,
CB-2,10/17/2012,0.6,31.18,30.58,
CB-2,11/26/2012,0.6,30.92,30.32,
CB-2,12/17/2012,0.6,30.87,30.27,
CB-2,1/12/2013,0.6,30.82,30.22,
CB-2,2/12/2013,0.6,30.8,30.2,
CB-2,3/12/2013,0.6,30.78,30.18,
CB-2,4/12/2013,0.6,32.53,31.93,
CB-2,5/12/2013,0.6,32.61,32.01,
CB-2,6/12/2013,0.6,32.4,31.8,
CB-2,7/12/2013,0.6,32.48,31.88,
CB-2,8/11/2013,0.6,32.52,31.92,
CB-2,9/1/2013,0.6,32.65,32.05,
CB-2,10/22/2013,0.6,32.65,32.05,
CB-2,11/22/2013,0.6,32.6,32,
CB-2,12/22/2013,0.6,32.42,31.82,
CB-2,1/20/2014,0.6,32.46,31.86,
CB-2,2/22/2014,0.6,32.49,31.89,
CB-2,3/28/2014,0.6,32.62,32.02,
CB-2,4/25/2014,0.6,32.59,31.99,
CB-2,5/24/2014,0.6,32.48,31.88,
CB-2,6/22/2014,0.6,32.33,31.73,
CB-2,7/22/2014,0.6,32.21,31.61,
CB-2,8/25/2014,0.6,32.12,31.52,
CB-2,9/28/2014,0.6,32.42,31.82,
CB-2,10/31/2014,0.6,32.56,31.96,
CB-2,11/12/2014,0.6,32.61,32.01,
CB-2,12/8/2014,0.6,32.67,32.07,
CB-2,1/8/2015,0.6,32.71,32.11,
CB-2,2/8/2015,0.6,32.75,32.15,
CB-2,3/3/2015,0.6,32.79,32.19,
CB-2,4/3/2015,0.6,32.89,32.29,
CB-2,5/21/2015,0.6,32.93,32.33,
CB-2,6/4/2015,0.6,32.98,32.38,
CB-2,7/21/2015,0.6,33.04,32.44,
CB-2,8/12/2015,0.6,33.13,32.53,
CB-2,9/3/2015,0.6,33.16,32.56,
CB-2,10/21/2015,0.6,33.16,32.56,
CB-2,11/18/2015,0.6,33.28,32.68,
CB-2,12/2/2015,0.6,33.32,32.72,
CB-2,1/5/2016,0.6,33.44,32.84,
CB-2,2/23/2016,0.6,33.45,32.85,
CB-2,3/4/2016,0.6,33.49,32.89,
CB-2,4/10/2016,0.6,33.51,32.91,
CB-2,5/10/2016,0.6,33.64,33.04,
CB-3,10/17/2012,0.8,27.96,27.16,
CB-3,11/27/2012,0.8,27.96,27.16,
CB-3,12/17/2012,0.8,27.97,27.17,
CB-3,1/12/2013,0.8,27.96,27.16,
CB-3,2/12/2013,0.8,27.97,27.17,
CB-3,3/12/2013,0.8,28,27.2,
CB-3,4/12/2013,0.8,27.99,27.19,
CB-3,5/12/2013,0.8,28,27.2,
CB-3,6/12/2013,0.8,28.01,27.21,
CB-3,7/12/2013,0.8,28,27.2,
CB-3,8/11/2013,0.8,28.02,27.22,
CB-3,9/1/2013,0.8,28.04,27.24,
CB-3,10/22/2013,0.8,28.04,27.24,
CB-3,11/22/2013,0.8,28.02,27.22,
CB-3,12/22/2013,0.8,28,27.2,
CB-3,1/20/2014,0.8,28,27.2,
CB-3,2/20/2014,0.8,28.03,27.23,
CB-3,3/28/2014,0.8,28.06,27.26,
CB-3,4/25/2014,0.8,28.08,27.28,
CB-3,5/24/2014,0.8,28.08,27.28,
CB-3,6/22/2014,0.8,28.08,27.28,
CB-3,7/22/2014,0.8,28.09,27.29,
CB-3,8/25/2014,0.8,28.06,27.26,
CB-3,9/28/2014,0.8,28.1,27.3,
CB-3,10/30/2014,0.8,28.09,27.29,
CB-3,11/12/2014,0.8,28.1,27.3,
CB-3,12/12/2014,0.8,28.08,27.28,
CB-3,1/12/2015,0.8,28.1,27.3,
CB-3,2/12/2015,0.8,28.11,27.31,
CB-3,3/3/2015,0.8,28.12,27.32,
CB-3,4/3/2015,0.8,28.14,27.34,
CB-3,5/21/2015,0.8,28.14,27.34,
CB-3,6/4/2015,0.8,28.15,27.35,
CB-3,7/21/2015,0.8,28.14,27.34,
CB-3,8/12/2015,0.8,28.17,27.37,
CB-3,9/3/2015,0.8,28.17,27.37,
CB-3,10/22/2015,0.8,28.18,27.38,
CB-3,11/18/2015,0.8,28.16,27.36,
CB-3,12/2/2015,0.8,28.19,27.39,
CB-3,1/4/2016,0.8,28.18,27.38,
CB-3,2/23/2016,0.8,28.15,27.35,
CB-3,3/4/2016,0.8,28.16,27.36,
CB-3,4/9/2016,0.8,28.11,27.31,
CB-3,5/10/2016,0.8,28.18,27.38,
CB-4,11/26/2012,0.5,41.18,40.68,
CB-4,12/15/2012,0.5,41.14,40.64,
CB-4,1/12/2013,0.5,41.1,40.6,
CB-4,2/12/2013,0.5,41.1,40.6,
CB-4,3/12/2013,0.5,41.1,40.6,
CB-4,4/12/2013,0.5,41.03,40.53,
CB-4,5/12/2013,0.5,41.1,40.6,
CB-4,6/12/2013,0.5,41.11,40.61,
CB-4,7/12/2013,0.5,41.1,40.6,
CB-4,8/14/2013,0.5,41.12,40.62,
CB-4,9/1/2013,0.5,41.14,40.64,
CB-4,10/22/2013,0.5,41.14,40.64,
CB-4,11/22/2013,0.5,41.14,40.64,
CB-4,12/22/2013,0.5,41.13,40.63,
CB-4,1/20/2014,0.5,41.12,40.62,
CB-4,2/24/2014,0.5,41.13,40.63,
CB-4,3/29/2014,0.5,41.17,40.67,
CB-4,4/27/2014,0.5,41.15,40.65,
CB-4,5/21/2014,0.5,41.14,40.64,
CB-4,6/22/2014,0.5,41.17,40.67,
CB-4,7/22/2014,0.5,41.16,40.66,
CB-4,8/23/2014,0.5,41.14,40.64,
CB-4,9/27/2014,0.5,41.17,40.67,
CB-4,10/30/2014,0.5,41.15,40.65,
CB-4,11/13/2014,0.5,41.16,40.66,
CB-4,12/11/2014,0.5,41.15,40.65,
CB-4,1/11/2015,0.5,41.16,40.66,
CB-4,2/11/2015,0.5,41.18,40.68,
CB-4,3/4/2015,0.5,41.17,40.67,
CB-4,4/4/2015,0.5,41.2,40.7,
CB-4,5/20/2015,0.5,41.18,40.68,
CB-4,6/3/2015,0.5,41.18,40.68,
CB-4,7/20/2015,0.5,41.18,40.68,
CB-4,8/12/2015,0.5,41.21,40.71,
CB-4,9/1/2015,0.5,41.2,40.7,
CB-4,10/21/2015,0.5,41.2,40.7,
CB-4,11/18/2015,0.5,41.19,40.69,
CB-4,12/3/2015,0.5,41.2,40.7,
CB-4,1/5/2016,0.5,41.21,40.71,
CB-4,2/24/2016,0.5,,,
CB-4,3/6/2016,0.5,41.19,40.69,
CB-4,4/8/2016,0.5,41.18,40.68,
CB-4,5/12/2016,0.5,44.75,44.25,
CB-5,2/5/2011,1.07,58.24,57.17,
CB-5,3/31/2011,1.07,58.29,57.22,
CB-5,5/14/2011,1.07,58.12,57.05,
CB-5,7/14/2011,1.07,58.29,57.22,
CB-5,8/14/2011,1.07,58.31,57.24,
CB-5,9/15/2011,1.07,58.32,57.25,
CB-5,10/12/2011,1.07,58.26,57.19,
CB-5,11/14/2011,1.07,58.29,57.22,
CB-5,12/19/2011,1.07,58.29,57.22,
CB-5,1/9/2012,1.07,58.31,57.24,
CB-5,2/10/2012,1.07,58.33,57.26,
CB-5,3/22/2012,1.07,58.3,57.23,
CB-5,4/19/2012,1.07,58.3,57.23,
CB-5,5/31/2012,1.07,58.33,57.26,
CB-5,6/28/2012,1.07,58.32,57.25,
CB-5,7/29/2012,1.07,58.35,57.28,
CB-5,8/29/2012,1.07,58.36,57.29,
CB-5,9/27/2012,1.07,58.29,57.22,
CB-5,10/18/2012,1.07,58.37,57.3,
CB-5,11/22/2012,1.07,58.38,57.31,
CB-5,12/15/2012,1.07,58.38,57.31,
CB-5,1/12/2013,1.07,58.29,57.22,
CB-5,2/12/2013,1.07,58.2,57.13,
CB-5,3/12/2013,1.07,58.37,57.3,
CB-5,4/12/2013,1.07,58.24,57.17,
CB-5,5/12/2013,1.07,58.4,57.33,
CB-5,6/12/2013,1.07,58.26,57.19,
CB-5,7/12/2013,1.07,58.26,57.19,
CB-5,8/15/2013,1.07,58.24,57.17,
CB-5,9/1/2013,1.07,58.27,57.2,
CB-5,10/22/2013,1.07,58.24,57.17,
CB-5,11/22/2013,1.07,58.27,57.2,
CB-5,12/22/2013,1.07,58.22,57.15,
CB-5,1/20/2014,1.07,58.19,57.12,
CB-5,2/24/2014,1.07,55.28,54.21,
CB-5,3/29/2014,1.07,58.26,57.19,
CB-5,4/22/2014,1.07,58.26,57.19,
CB-5,5/23/2014,1.07,58.27,57.2,
CB-5,6/20/2014,1.07,58.26,57.19,
CB-5,7/20/2014,1.07,58.28,57.21,
CB-5,8/25/2014,1.07,58.28,57.21,
CB-5,9/28/2014,1.07,58.28,57.21,
CB-5,10/30/2014,1.07,58.26,57.19,
CB-5,11/12/2014,1.07,58.27,57.2,
CB-5,12/9/2014,1.07,58.28,57.21,
CB-5,1/9/2015,1.07,58.41,57.34,
CB-5,2/9/2015,1.07,58.27,57.2,
CB-5,3/3/2015,1.07,58.26,57.19,
CB-5,4/3/2015,1.07,58.28,57.21,
CB-5,5/21/2015,1.07,58.29,57.22,
CB-5,6/3/2015,1.07,58.27,57.2,
CB-5,7/19/2015,1.07,58.21,57.14,
CB-5,8/12/2015,1.07,58.3,57.23,
CB-5,9/3/2015,1.07,58.28,57.21,
CB-5,10/22/2015,1.07,58.29,57.22,
CB-5,11/19/2015,1.07,58.29,57.22,
CB-5,12/2/2015,1.07,58.27,57.2,
CB-5,1/4/2016,1.07,58.28,57.21,
CB-5,2/23/2016,1.07,58.25,57.18,
CB-5,3/3/2016,1.07,58.24,57.17,
CB-5,4/10/2016,1.07,58.18,57.11,
CB-5,5/10/2016,0.94,58.26,57.32,
CB-6,9/27/2012,0.55,61.44,60.89,
CB-6,10/18/2012,0.55,59.1,58.55,
CB-6,11/23/2012,0.55,56.89,56.34,
CB-6,12/15/2012,0.55,58.35,57.8,
CB-6,1/12/2013,0.55,57.39,56.84,
CB-6,2/12/2013,0.55,57.12,56.57,
CB-6,3/12/2013,0.55,57.55,57,
CB-6,4/12/2013,0.55,58.44,57.89,
CB-6,5/12/2013,0.55,57.3,56.75,
CB-6,6/12/2013,0.55,59.44,58.89,
CB-6,7/12/2013,0.55,59.47,58.92,
CB-6,8/15/2013,0.55,59.52,58.97,
CB-6,9/1/2013,0.55,59.62,59.07,
CB-6,10/22/2013,0.55,59.67,59.12,
CB-6,11/22/2013,0.55,59.66,59.11,
CB-6,12/22/2013,0.55,59.65,59.1,
CB-6,1/20/2014,0.55,59.71,59.16,
CB-6,2/24/2014,0.55,59.78,59.23,
CB-6,3/29/2014,0.55,59.78,59.23,
CB-6,4/22/2014,0.55,59.77,59.22,
CB-6,5/23/2014,0.55,59.8,59.25,
CB-6,6/20/2014,0.55,59.71,59.16,
CB-6,7/20/2014,0.55,59.68,59.13,
CB-6,8/23/2014,0.55,59.66,59.11,
CB-6,9/27/2014,0.55,59.81,59.26,
CB-6,10/30/2014,0.55,59.81,59.26,
CB-6,11/13/2014,0.55,59.84,59.29,
CB-6,12/12/2014,0.55,59.83,59.28,
CB-6,1/12/2015,0.55,59.81,59.26,
CB-6,2/12/2015,0.55,59.84,59.29,
CB-6,3/4/2015,0.55,59.82,59.27,
CB-6,4/4/2015,0.55,59.85,59.3,
CB-6,5/20/2015,0.55,59.79,59.24,
CB-6,6/3/2015,0.55,59.81,59.26,
CB-6,7/20/2015,0.55,59.81,59.26,
CB-6,8/12/2015,0.55,59.84,59.29,
CB-6,9/1/2015,0.55,59.82,59.27,
CB-6,10/21/2015,0.55,59.81,59.26,
CB-6,11/18/2015,0.55,59.8,59.25,
CB-6,12/3/2015,0.55,59.83,59.28,
CB-6,1/4/2016,0.55,59.77,59.22,
CB-6,2/23/2016,0.55,,,
CB-6,3/8/2016,0.55,59.76,59.21,
CB-6,4/9/2016,0.55,63.23,62.68,Medida anomala
CB-6,5/12/2016,0.55,59.74,59.19,
CB-7,9/27/2012,0.7,54.59,53.89,
CB-7,10/18/2012,0.7,59.61,58.91,
CB-7,11/22/2012,0.7,63.8,63.1,
CB-7,12/14/2012,0.7,61.66,60.96,
CB-7,1/12/2013,0.7,61.76,61.06,
CB-7,2/12/2013,0.7,61.75,61.05,
CB-7,3/12/2013,0.7,62.15,61.45,
CB-7,4/12/2013,0.7,62.74,62.04,
CB-7,5/12/2013,0.7,62.77,62.07,
CB-7,6/12/2013,0.7,62.47,61.77,
CB-7,7/12/2013,0.7,69.44,68.74,
CB-7,8/15/2013,0.7,69.5,68.8,
CB-7,9/1/2013,0.7,75.93,75.23,
CB-7,10/22/2013,0.7,75.9,75.2,
CB-7,11/22/2013,0.7,75.91,75.21,
CB-7,12/22/2013,0.7,81.69,80.99,
CB-7,1/20/2014,0.7,81.67,80.97,
CB-7,2/25/2014,0.7,81.82,81.12,
CB-7,3/29/2014,0.7,84.35,83.65,
CB-7,4/23/2014,0.7,84.36,83.66,
CB-7,5/25/2014,0.7,84.4,83.7,
CB-7,6/21/2014,0.7,86.46,85.76,
CB-7,7/21/2014,0.7,86.49,85.79,
CB-7,8/23/2014,0.7,86.55,85.85,
CB-7,9/27/2014,0.7,88.9,88.2,
CB-7,10/30/2014,0.7,88.95,88.25,
CB-7,11/12/2014,0.7,88.98,88.28,
CB-7,12/9/2014,0.7,89.3,88.6,
CB-7,1/9/2015,0.7,89.5,88.8,
CB-7,2/9/2015,0.7,89.56,88.86,
CB-7,3/5/2015,0.7,89.61,88.91,
CB-7,4/5/2015,0.7,90.35,89.65,
CB-7,5/21/2015,0.7,90.39,89.69,
CB-7,6/1/2015,0.7,90.42,89.72,
CB-7,7/20/2015,0.7,90.82,90.12,
CB-7,8/13/2015,0.7,90.89,90.19,
CB-7,9/2/2015,0.7,90.95,90.25,
CB-7,10/20/2015,0.7,91.26,90.56,
CB-7,11/18/2015,0.7,91.35,90.65,
CB-7,12/3/2015,0.7,91.38,90.68,
CB-7,1/4/2016,0.7,57.36,56.66,
CB-7,2/23/2016,0.7,19.01,18.31,
CB-7,3/5/2016,0.7,18.86,18.16,
CB-7,4/9/2016,0.7,17.74,17.04,
CB-7,5/11/2016,0.7,16.52,15.82,
CB-8,2/1/2014,0.64,,,Seco
CB-8,3/1/2014,0.64,,,Seco
CB-8,6/22/2014,0.64,,,Seco
CB-8,6/22/2014,0.64,,,Seco
CB-8,6/22/2014,0.64,,,Seco
CB-8,7/28/2014,0.64,,,Seco
CB-8,10/30/2014,0.64,,,Seco
CB-8,11/12/2014,0.64,,,Seco
CB-8,12/13/2014,0.64,,,Seco
CB-8,1/13/2015,0.64,,,Seco
CB-8,2/1/2015,0.64,,,Seco
CB-8,3/5/2015,0.64,,,Seco
CB-8,4/5/2015,0.64,,,Seco
CB-8,5/21/2015,0.64,,,Seco
CB-8,6/1/2015,0.64,,,Seco
CB-8,7/1/2015,0.64,,,Seco
CB-8,8/13/2015,0.64,,,Seco
CB-8,9/2/2015,0.64,,,Seco
CB-8,10/20/2015,0.64,,,Seco
CB-8,11/19/2015,0.64,,,Seco
CB-8,12/3/2015,0.64,11.73,11.09,Pozo con nivel
CB-8,1/4/2016,0.64,10.27,9.63,
CB-8,2/23/2016,0.64,7.23,6.59,
CB-8,3/5/2016,0.64,6.9,6.26,
CB-8,4/9/2016,0.64,6.55,5.91,
CB-8,5/11/2016,0.64,6.29,5.65,
CB-9,2/5/2011,0.9,78.09,77.19,
CB-9,3/31/2011,0.9,78.56,77.66,
CB-9,5/14/2011,0.9,78.53,77.63,
CB-9,7/14/2011,0.9,79.64,78.74,
CB-9,8/14/2011,0.9,79.48,78.58,
CB-9,9/12/2011,0.9,79.66,78.76,
CB-9,10/12/2011,0.9,79.73,78.83,
CB-9,11/15/2011,0.9,79.76,78.86,
CB-9,12/21/2011,0.9,79.79,78.89,
CB-9,1/9/2012,0.9,79.9,79,
CB-9,2/13/2012,0.9,79.86,78.96,
CB-9,3/20/2012,0.9,79.86,78.96,
CB-9,4/19/2012,0.9,79.88,78.98,
CB-9,5/31/2012,0.9,79.9,79,
CB-9,6/1/2012,0.9,79.9,79,
CB-9,6/28/2012,0.9,79.89,78.99,
CB-9,7/29/2012,0.9,79.92,79.02,
CB-9,8/30/2012,0.9,79.9,79,
CB-9,9/27/2012,0.9,79.83,78.93,
CB-9,10/16/2012,0.9,79.9,79,
CB-9,11/20/2012,0.9,79.89,78.99,
CB-9,12/16/2012,0.9,79.7,78.8,
CB-9,1/12/2013,0.9,79.5,78.6,
CB-9,2/12/2013,0.9,79.67,78.77,
CB-9,3/12/2013,0.9,79.9,79,
CB-9,4/12/2013,0.9,79.82,78.92,
CB-9,5/12/2013,0.9,79.83,78.93,
CB-9,6/12/2013,0.9,79.85,78.95,
CB-9,7/12/2013,0.9,79.84,78.94,
CB-9,8/12/2013,0.9,79.82,78.92,
CB-9,9/1/2013,0.9,79.93,79.03,
CB-9,10/22/2013,0.9,79.9,79,
CB-9,11/22/2013,0.9,79.9,79,
CB-9,12/22/2013,0.9,79.86,78.96,
CB-9,1/20/2014,0.9,79.79,78.89,
CB-9,2/25/2014,0.9,79.9,79,
CB-9,3/29/2014,0.9,79.87,78.97,
CB-9,4/23/2014,0.9,79.9,79,
CB-9,5/25/2014,0.9,79.88,78.98,
CB-9,6/21/2014,0.9,79.87,78.97,
CB-9,7/21/2014,0.9,79.87,78.97,
CB-9,8/24/2014,0.9,79.83,78.93,
CB-9,9/27/2014,0.9,79.81,78.91,
CB-9,10/29/2014,0.9,79.83,78.93,
CB-9,11/12/2014,0.9,79.77,78.87,
CB-9,12/9/2014,0.9,79.67,78.77,
CB-9,1/9/2015,0.9,79.49,78.59,
CB-9,2/9/2015,0.9,79.35,78.45,
CB-9,3/2/2015,0.9,79.18,78.28,
CB-9,4/2/2015,0.9,78.1,77.2,
CB-9,5/20/2015,0.9,77.47,76.57,
CB-9,6/2/2015,0.9,77.03,76.13,
CB-9,7/20/2015,0.9,75.06,74.16,
CB-9,8/13/2015,0.9,73.78,72.88,
CB-9,9/2/2015,0.9,72.57,71.67,
CB-9,10/21/2015,0.9,70.52,69.62,
CB-9,11/18/2015,0.9,69.23,68.33,
CB-9,12/2/2015,0.9,68.64,67.74,
CB-9,1/4/2016,0.9,66.99,66.09,
CB-9,2/23/2016,0.9,64.05,63.15,
CB-9,3/6/2016,0.9,62.98,62.08,
CB-9,4/8/2016,0.9,61.81,60.91,
CB-9,5/9/2016,0.9,55.15,54.25,
CON-10,12/1/2014,0,115.27,115.27,
CON-10,1/1/2015,0,115.3,115.3,
CON-10,2/1/2015,0,115.31,115.31,
CON-10,3/4/2015,0,115.28,115.28,
CON-10,4/4/2015,0,115.3,115.3,
CON-10,5/21/2015,0,115.29,115.29,
CON-10,6/3/2015,0,115.29,115.29,
CON-10,7/20/2015,0,115.29,115.29,
CON-10,8/13/2015,0,115.3,115.3,
CON-10,9/2/2015,0,115.31,115.31,
CON-10,10/20/2015,0,115.29,115.29,
CON-10,11/18/2015,0,115.28,115.28,
CON-10,12/4/2015,0,115.27,115.27,
CON-10,1/4/2016,0,115.26,115.26,
CON-10,2/23/2016,0,115.23,115.23,
CON-10,3/5/2016,0,115.25,115.25,
CON-10,4/7/2016,0,115.25,115.25,
CON-10,5/11/2016,0,115.26,115.26,
CON-15,12/1/2014,0,173.2,173.2,
CON-15,1/1/2015,0,173.18,173.18,
CON-15,2/1/2015,0,173.17,173.17,
CON-15,3/5/2015,0,173.12,173.12,
CON-15,4/5/2015,0,173.11,173.11,
CON-15,5/21/2015,0,173.07,173.07,
CON-15,6/1/2015,0,173.07,173.07,
CON-15,7/20/2015,0,173.03,173.03,
CON-15,8/13/2015,0,173.1,173.1,
CON-15,9/2/2015,0,173.05,173.05,
CON-15,10/20/2015,0,173.01,173.01,
CON-15,11/18/2015,0,173,173,
CON-15,12/3/2015,0,172.98,172.98,
CON-15,1/4/2016,0,172.97,172.97,
CON-15,2/23/2016,0,172.94,172.94,
CON-15,3/5/2016,0,172.96,172.96,
CON-15,4/7/2016,0,172.93,172.93,
CON-15,5/11/2016,0,172.94,172.94,
CON-16,12/1/2014,0,165.8,165.8,
CON-16,1/1/2015,0,165.61,165.61,
CON-16,2/1/2015,0,165.72,165.72,
CON-16,3/5/2015,0,165.6,165.6,
CON-16,4/5/2015,0,165.54,165.54,
CON-16,5/21/2015,0,165.59,165.59,
CON-16,6/1/2015,0,165.58,165.58,
CON-16,7/20/2015,0,165.51,165.51,
CON-16,8/13/2015,0,165.5,165.5,
CON-16,9/2/2015,0,165.48,165.48,
CON-16,10/20/2015,0,165.41,165.41,
CON-16,11/18/2015,0,165.37,165.37,
CON-16,12/4/2015,0,165.36,165.36,
CON-16,1/4/2016,0,165.32,165.32,
CON-16,2/23/2016,0,165.25,165.25,
CON-16,3/5/2016,0,165.23,165.23,
CON-16,4/7/2016,0,165.21,165.21,
CON-16,5/11/2016,0,165.21,165.21,
CON-21,12/1/2014,0,135.9,135.9,
CON-21,1/1/2015,0,137.32,137.32,
CON-21,2/1/2015,0,137.44,137.44,
CON-21,3/4/2015,0,137.5,137.5,
CON-21,4/4/2015,0,137.95,137.95,
CON-21,5/21/2015,0,138.1,138.1,
CON-21,6/1/2015,0,138.18,138.18,
CON-21,7/20/2015,0,138.51,138.51,
CON-21,8/13/2015,0,138.67,138.67,
CON-21,9/2/2015,0,138.78,138.78,
CON-21,10/20/2015,0,139.04,139.04,
CON-21,11/18/2015,0,139.15,139.15,
CON-21,12/4/2015,0,139.24,139.24,
CON-21,1/4/2016,0,139.39,139.39,
CON-21,2/23/2016,0,139.74,139.74,
CON-21,3/5/2016,0,139.88,139.88,
CON-21,4/7/2016,0,140.51,140.51,
CON-21,5/11/2016,0,141.36,141.36,
CON-23,4/1/2015,0,211.55,211.55,
CON-23,5/21/2015,0,,,>250
CON-23,6/1/2015,0,,,>250
CON-23,7/1/2015,0,,,>250
CON-23,8/13/2015,0,,,>250
CON-23,9/2/2015,0,,,>250
CON-23,10/20/2015,0,,,>250
CON-23,11/18/2015,0,,,>250
CON-23,12/4/2015,0,,,>250
CON-23,1/4/2016,0,,,>250
CON-23,2/23/2016,0,,,>250
CON-23,3/5/2016,0,,,>250
CON-23,4/7/2016,0,,,>300
CON-23,5/15/2016,0,315,315,
KP-DH10-40,8/5/2010,0.25,76.51,76.26,
KP-DH10-40,11/4/2010,0.25,83.86,83.61,
KP-DH10-40,12/4/2010,0.25,84.69,84.44,
KP-DH10-40,1/23/2011,0.25,85.54,85.29,
KP-DH10-40,2/5/2011,0.25,85.95,85.7,
KP-DH10-40,2/28/2011,0.25,86.35,86.1,
KP-DH10-40,3/31/2011,0.8,89.06,88.26,
KP-DH10-40,5/14/2011,0.8,89.84,89.04,
KP-DH10-40,7/12/2011,0.8,93.13,92.33,
KP-DH10-40,8/12/2011,0.8,93.51,92.71,
KP-DH10-40,9/12/2011,0.8,95.19,94.39,
KP-DH10-40,10/12/2011,0.8,95.35,94.55,
KP-DH10-40,11/14/2011,0.8,95.59,94.79,
KP-DH10-40,12/19/2011,0.8,97.65,96.85,
KP-DH10-40,1/12/2012,0.8,97.76,96.96,
KP-DH10-40,2/13/2012,0.8,97.92,97.12,
KP-DH10-40,3/22/2012,0.8,98.93,98.13,
KP-DH10-40,4/19/2012,0.8,99,98.2,
KP-DH10-40,5/12/2012,0.8,99.19,98.39,
KP-DH10-40,6/28/2012,0.8,100.29,99.49,
KP-DH10-40,7/29/2012,0.8,100.4,99.6,
KP-DH10-40,8/27/2012,0.8,100.47,99.67,
KP-DH10-40,9/27/2012,0.8,101.43,100.63,
KP-DH10-40,10/17/2012,0.8,101.55,100.75,
KP-DH10-40,11/20/2012,0.8,101.61,100.81,
KP-DH10-40,12/14/2012,0.8,102.62,101.82,
KP-DH10-40,2/25/2014,0.75,102.63,101.88,
KP-DH10-40,3/29/2014,0.75,102.65,101.9,
KP-DH10-40,4/23/2014,0.75,102.67,101.92,
KP-DH10-40,5/25/2014,0.75,102.7,101.95,
KP-DH10-40,6/21/2014,0.75,102.71,101.96,
KP-DH10-40,7/28/2014,0.75,102.74,101.99,
KP-DH10-40,8/24/2014,0.75,102.76,102.01,
KP-DH10-40,9/27/2014,0.75,102.78,102.03,
KP-DH10-40,12/9/2014,0.75,102.84,102.09,
KP-DH10-40,1/9/2015,0.75,102.88,102.13,
KP-DH10-40,2/9/2015,0.75,102.92,102.17,
KP-DH10-40,3/5/2015,0.75,102.92,102.17,
KP-DH10-40,4/5/2015,0.75,102.98,102.23,
KP-DH10-40,5/21/2015,0.75,102.98,102.23,
KP-DH10-40,6/1/2015,0.75,102.99,102.24,Se queda atrapado brailer a los 100 m. aprox
KP-DH10-40,7/20/2015,,,,Sin medición por bailer atrado en campaña de Junio 2015
KP-DH10-40,8/13/2015,,,,Sin medición por bailer atrado en campaña de Junio 2015
KP-DH10-40,9/2/2015,,,,Sin medición por bailer atrado en campaña de Junio 2015
KP-DH10-40,10/20/2015,,,,Sin medición por bailer atrado en campaña de Junio 2015
KP-DH10-40,11/18/2015,,,,Sin medición por bailer atrado en campaña de Junio 2015
KP-DH10-40,12/3/2015,,,,Sin medición por bailer atrado en campaña de Junio 2015
KP-DH10-40,1/4/2016,,,,Sin medición por bailer atrado en campaña de Junio 2015
KP-DH10-40,2/23/2016,,,,Sin medición por bailer atrado en campaña de Junio 2015
KP-DH10-40,3/4/2016,,,,Sin medición por bailer atrado en campaña de Junio 2015
KP-DH10-40,3/23/2016,0.75,103.47,102.72,Se retoma medición 
KP-DH10-40,4/9/2016,0.75,107.26,106.51,
KP-DH10-40,5/11/2016,0.75,104.68,103.93,
QSCSG6-237,7/26/2008,1.01,28.59,27.58,
QSCSG6-237,8/13/2008,1.01,28.54,27.53,
QSCSG6-237,9/6/2008,0.5,28.09,27.59,
QSCSG6-237,10/14/2008,0.5,28.04,27.54,
QSCSG6-237,11/11/2008,0.5,28.07,27.57,
QSCSG6-237,2/12/2009,0.5,28.06,27.56,
QSCSG6-237,5/29/2009,0.5,28.07,27.57,
QSCSG6-237,8/22/2009,0.5,28.04,27.54,
QSCSG6-237,11/15/2009,0.5,28.03,27.53,
QSCSG6-237,2/2/2010,0.5,28.03,27.53,
QSCSG6-237,5/24/2010,0.5,28.06,27.56,
QSCSG6-237,8/5/2010,0.5,28.05,27.55,
QSCSG6-237,9/4/2010,0.5,28.04,27.54,
QSCSG6-237,11/11/2010,0.5,28.07,27.57,
QSCSG6-237,12/16/2010,0.5,28.06,27.56,
QSCSG6-237,1/23/2011,0.5,28.06,27.56,
QSCSG6-237,2/5/2011,0.5,28.05,27.55,
QSCSG6-237,2/28/2011,0.5,28.04,27.54,
QSCSG6-237,3/31/2011,0.5,28.04,27.54,
QSCSG6-237,5/14/2011,0.5,28.03,27.53,
QSCSG6-237,7/14/2011,0.5,28.09,27.59,
QSCSG6-237,8/14/2011,0.5,28.05,27.55,
QSCSG6-237,9/12/2011,0.5,28.04,27.54,
QSCSG6-237,10/12/2011,0.5,28.05,27.55,
QSCSG6-237,11/15/2011,0.5,28.04,27.54,
QSCSG6-237,12/21/2011,0.5,28.07,27.57,
QSCSG6-237,1/12/2012,0.5,28.06,27.56,
QSCSG6-237,2/11/2012,0.5,28.07,27.57,
QSCSG6-237,3/23/2012,0.5,28.07,27.57,
QSCSG6-237,4/16/2012,0.5,28.05,27.55,
QSCSG6-237,5/31/2012,0.5,28.05,27.55,
QSCSG6-237,6/1/2012,0.5,28.05,27.55,
QSCSG6-237,6/30/2012,0.5,28.05,27.55,
QSCSG6-237,7/30/2012,0.5,28.06,27.56,
QSCSG6-237,8/27/2012,0.5,28.05,27.55,
QSCSG6-237,9/27/2012,0.5,28.02,27.52,
QSCSG6-237,10/17/2012,0.5,28.08,27.58,
QSCSG6-237,11/22/2012,0.5,28.06,27.56,
QSCSG6-237,12/15/2012,0.5,28.08,27.58,
QSCSG6-237,1/12/2013,0.5,28.04,27.54,
QSCSG6-237,2/12/2013,0.5,28.02,27.52,
QSCSG6-237,3/12/2013,0.5,28.04,27.54,
QSCSG6-237,4/12/2013,0.5,28.04,27.54,
QSCSG6-237,5/12/2013,0.5,28.05,27.55,
QSCSG6-237,6/12/2013,0.5,28.04,27.54,
QSCSG6-237,7/12/2013,0.5,28.05,27.55,
QSCSG6-237,8/11/2013,0.5,28.04,27.54,
QSCSG6-237,9/1/2013,0.5,28.05,27.55,
QSCSG6-237,10/22/2013,0.5,28.05,27.55,
QSCSG6-237,11/22/2013,0.5,28.03,27.53,
QSCSG6-237,12/22/2013,0.5,28.03,27.53,
QSCSG6-237,1/20/2014,0.5,28,27.5,
QSCSG6-237,2/22/2014,0.5,28.04,27.54,
QSCSG6-237,3/28/2014,0.5,28.04,27.54,
QSCSG6-237,4/25/2014,0.5,28.05,27.55,
QSCSG6-237,5/24/2014,0.5,28.04,27.54,
QSCSG6-237,6/22/2014,0.5,28.04,27.54,
QSCSG6-237,7/28/2014,0.5,28.05,27.55,
QSCSG6-237,8/24/2014,0.5,28.02,27.52,
QSCSG6-237,9/28/2014,0.5,28.05,27.55,
QSCSG6-237,10/29/2014,0.5,28.03,27.53,
QSCSG6-237,11/12/2014,0.5,28.04,27.54,
QSCSG6-237,12/9/2014,0.5,28.03,27.53,
QSCSG6-237,1/1/2015,0.5,28.05,27.55,
QSCSG6-237,2/1/2015,0.5,28.06,27.56,
QSCSG6-237,3/2/2015,0.5,28.02,27.52,
QSCSG6-237,4/2/2015,0.5,28.07,27.57,
QSCSG6-237,5/20/2015,0.5,28.04,27.54,
QSCSG6-237,6/2/2015,0.5,28.04,27.54,
QSCSG6-237,7/19/2015,0.5,28.02,27.52,
QSCSG6-237,8/12/2015,0.5,28.09,27.59,
QSCSG6-237,9/2/2015,0.5,28.07,27.57,
QSCSG6-237,10/20/2015,0.5,28.06,27.56,
QSCSG6-237,11/18/2015,0.5,28.06,27.56,
QSCSG6-237,12/2/2015,0.5,28.08,27.58,
QSCSG6-237,1/5/2016,0.5,28.08,27.58,
QSCSG6-237,2/23/2016,0.5,28.04,27.54,
QSCSG6-237,3/4/2016,0.5,28.04,27.54,
QSCSG6-237,4/9/2016,0.51,28,27.49,
QSCSG6-237,5/10/2016,0.51,28.05,27.54,
QSG08-402,7/26/2008,0,42.06,42.06,
QSG08-402,8/14/2008,0,42.42,42.42,
QSG08-402,9/6/2008,0,42.33,42.33,
QSG08-402,10/14/2008,0.43,42.75,42.32,
QSG08-402,11/11/2008,0.43,42.43,42,
QSG08-402,2/12/2009,0.43,42.06,41.63,
QSG08-402,5/29/2009,0.43,41.79,41.36,
QSG08-402,8/22/2009,0.43,41.57,41.14,
QSG08-402,11/15/2009,0.43,41.38,40.95,
QSG08-402,2/2/2010,0.43,41.29,40.86,
QSG08-402,5/24/2010,0.43,41.29,40.86,
QSG08-402,8/5/2010,0.43,41.14,40.71,
QSG08-402,9/4/2010,0.43,41.34,40.91,
QSG08-402,11/11/2010,0.43,41.12,40.69,
QSG08-402,12/16/2010,0.43,41.05,40.62,
QSG08-402,1/23/2011,0.43,40.98,40.55,
QSG08-402,2/5/2011,0.43,40.95,40.52,
QSG08-402,2/28/2011,0.43,40.93,40.5,
QSG08-402,3/31/2011,0.43,41.05,40.62,
QSG08-402,5/14/2011,0.43,40.92,40.49,
QSG08-402,7/14/2011,0.43,40.92,40.49,
QSG08-402,8/14/2011,0.43,40.89,40.46,
QSG08-402,9/15/2011,0.43,41.08,40.65,
QSG08-402,10/12/2011,0.43,40.95,40.52,
QSG08-402,11/15/2011,0.43,40.86,40.43,
QSG08-402,12/21/2011,0.43,41.1,40.67,
QSG08-402,1/9/2012,0.43,41.01,40.58,
QSG08-402,2/13/2012,0.43,40.41,39.98,
QSG08-402,3/22/2012,0.43,40.81,40.38,
QSG08-402,4/16/2012,0.43,40.78,40.35,
QSG08-402,5/31/2012,0.43,41.6,41.17,
QSG08-402,6/4/2012,0.43,41.66,41.23,
QSG08-402,6/28/2012,0.43,40.7,40.27,
QSG08-402,7/26/2012,0.43,40.68,40.25,
QSG08-402,8/29/2012,0.43,41.62,41.19,
QSG08-402,9/27/2012,0.43,40.83,40.4,
QSG08-402,10/17/2012,0.43,40.71,40.28,
QSG08-402,11/24/2012,0.43,40.63,40.2,
QSG08-402,12/16/2012,0.43,40.6,40.17,
QSG08-402,1/12/2013,0.43,40.3,39.87,
QSG08-402,2/12/2013,0.43,40.28,39.85,
QSG08-402,3/12/2013,0.43,40.34,39.91,
QSG08-402,4/12/2013,0.43,40.3,39.87,
QSG08-402,5/12/2013,0.43,40.24,39.81,
QSG08-402,6/12/2013,0.43,40.52,40.09,
QSG08-402,7/12/2013,0.43,40.37,39.94,
QSG08-402,8/13/2013,0.43,40.3,39.87,
QSG08-402,9/1/2013,0.43,40.34,39.91,
QSG08-402,10/22/2013,0.43,40.28,39.85,
QSG08-402,11/22/2013,0.43,40.2,39.77,
QSG08-402,12/22/2013,0.43,40.46,40.03,
QSG08-402,1/20/2014,0.43,40.07,39.64,
QSG08-402,2/24/2014,0.43,39.92,39.49,
QSG08-402,3/29/2014,0.43,40.06,39.63,
QSG08-402,4/23/2014,0.43,39.95,39.52,
QSG08-402,5/23/2014,0.43,39.89,39.46,
QSG08-402,6/23/2014,0.43,40.14,39.71,
QSG08-402,7/28/2014,0.43,39.98,39.55,
QSG08-402,8/25/2014,0.43,39.92,39.49,
QSG08-402,9/28/2014,0.43,40.13,39.7,
QSG08-402,10/30/2014,0.43,39.9,39.47,
QSG08-402,11/12/2014,0.43,39.9,39.47,
QSG08-402,12/12/2014,0.43,39.74,39.31,
QSG08-402,1/1/2015,0.43,39.73,39.3,
QSG08-402,2/1/2015,0.43,39.71,39.28,
QSG08-402,3/3/2015,0.43,39.72,39.29,
QSG08-402,4/3/2015,0.43,39.73,39.3,
QSG08-402,5/21/2015,0.43,39.74,39.31,
QSG08-402,6/4/2015,0.43,39.75,39.32,
QSG08-402,7/19/2015,0.43,39.74,39.31,
QSG08-402,8/12/2015,0.43,39.84,39.41,
QSG08-402,9/3/2015,0.43,39.86,39.43,
QSG08-402,10/22/2015,0.43,39.92,39.49,
QSG08-402,11/19/2015,0.43,39.95,39.52,
QSG08-402,12/2/2015,0.43,39.77,39.34,
QSG08-402,1/5/2016,0.43,37.33,36.9,
QSG08-402,2/23/2016,0.43,36.91,36.48,
QSG08-402,3/4/2016,0.43,36.89,36.46,
QSG08-402,4/10/2016,0.43,36.87,36.44,
QSG08-402,5/10/2016,0.43,36.98,36.55,
QSG08-423,6/23/2008,0.92,107.57,106.65,
QSG08-423,7/26/2008,0.92,107.56,106.64,
QSG08-423,8/14/2008,0.92,107.57,106.65,
QSG08-423,9/6/2008,0.55,107.21,106.66,
QSG08-423,10/14/2008,0.55,107.22,106.67,
QSG08-423,11/11/2008,0.55,107.22,106.67,
QSG08-423,2/12/2009,0.55,107.2,106.65,
QSG08-423,5/29/2009,0.55,107.23,106.68,
QSG08-423,8/22/2009,0.55,107.23,106.68,
QSG08-423,11/15/2009,0.55,107.18,106.63,
QSG08-423,2/2/2010,0.55,107.19,106.64,
QSG08-423,5/24/2010,0.55,107.21,106.66,
QSG08-423,8/5/2010,0.55,107.27,106.72,
QSG08-423,9/4/2010,0.55,107.22,106.67,
QSG08-423,11/11/2010,0.55,107.27,106.72,
QSG08-423,12/16/2010,0.55,107.27,106.72,
QSG08-423,1/23/2011,0.55,107.26,106.71,
QSG08-423,2/5/2011,0.55,107.28,106.73,
QSG08-423,2/28/2011,0.55,107.27,106.72,
QSG08-423,3/31/2011,0.55,107.22,106.67,
QSG08-423,5/14/2011,0.55,107.24,106.69,
QSG08-423,7/14/2011,0.55,107.29,106.74,
QSG08-423,8/14/2011,0.55,107.3,106.75,
QSG08-423,9/15/2011,0.55,107.25,106.7,
QSG08-423,10/12/2011,0.55,107.27,106.72,
QSG08-423,11/16/2011,0.55,107.22,106.67,
QSG08-423,12/21/2011,0.55,107.3,106.75,
QSG08-423,1/9/2012,0.55,107.27,106.72,
QSG08-423,2/14/2012,0.55,107.25,106.7,
QSG08-423,3/22/2012,0.55,107.28,106.73,
QSG08-423,4/19/2012,0.55,107.3,106.75,
QSG08-423,5/31/2012,0.55,107.36,106.81,
QSG08-423,6/30/2012,0.55,107.4,106.85,
QSG08-423,7/29/2012,0.55,107.23,106.68,
QSG08-423,8/28/2012,0.55,107.32,106.77,
QSG08-423,9/29/2012,0.55,107.2,106.65,
QSG08-423,10/17/2012,0.55,107.34,106.79,
QSG08-423,11/22/2012,0.55,107.32,106.77,
QSG08-423,12/15/2012,0.55,107.32,106.77,
QSG08-423,1/12/2013,0.55,107.25,106.7,
QSG08-423,2/12/2013,0.55,107.28,106.73,
QSG08-423,3/12/2013,0.55,107.28,106.73,
QSG08-423,4/12/2013,0.55,107.26,106.71,
QSG08-423,5/12/2013,0.55,107.28,106.73,
QSG08-423,6/12/2013,0.55,107.31,106.76,
QSG08-423,7/12/2013,0.55,107.28,106.73,
QSG08-423,8/12/2013,0.55,107.3,106.75,
QSG08-423,9/1/2013,0.55,107.31,106.76,
QSG08-423,10/22/2013,0.55,107.32,106.77,
QSG08-423,11/22/2013,0.55,107.32,106.77,
QSG08-423,12/22/2013,0.55,107.24,106.69,
QSG08-423,1/20/2014,0.55,107.24,106.69,
QSG08-423,2/23/2014,0.55,107.32,106.77,
QSG08-423,3/29/2014,0.55,107.31,106.76,
QSG08-423,4/27/2014,0.55,107.32,106.77,
QSG08-423,5/22/2014,0.55,107.3,106.75,
QSG08-423,6/21/2014,0.55,107.32,106.77,
QSG08-423,7/28/2014,0.55,107.32,106.77,
QSG08-423,8/23/2014,0.55,107.3,106.75,
QSG08-423,9/27/2014,0.55,107.32,106.77,
QSG08-423,10/31/2014,0.55,107.32,106.77,
QSG08-423,11/13/2014,0.55,107.32,106.77,
QSG08-423,12/11/2014,0.55,107.33,106.78,
QSG08-423,1/1/2015,0.55,107.34,106.79,
QSG08-423,2/1/2015,0.55,107.38,106.83,
QSG08-423,3/4/2015,0.55,107.36,106.81,
QSG08-423,4/4/2015,0.55,107.39,106.84,
QSG08-423,5/20/2015,0.55,107.32,106.77,
QSG08-423,6/3/2015,0.55,107.35,106.8,
QSG08-423,7/20/2015,,,,Pozo eliminado por avance mina
QSG08-431,8/14/2008,0.05,69.19,69.14,
QSG08-431,9/6/2008,0.05,69.22,69.17,
QSG08-431,10/14/2008,0.05,69.21,69.16,
QSG08-431,11/11/2008,0.05,69.21,69.16,
QSG08-431,2/12/2009,0.05,69.19,69.14,
QSG08-431,5/29/2009,0.05,69.21,69.16,
QSG08-431,8/22/2009,0.05,69.22,69.17,
QSG08-431,11/15/2009,0.05,69.16,69.11,
QSG08-431,2/2/2010,0.05,69.1,69.05,
QSG08-431,5/24/2010,0.05,69.19,69.14,
QSG08-431,8/5/2010,0.05,69.24,69.19,
QSG08-431,9/4/2010,0.05,69.23,69.18,
QSG08-431,11/11/2010,0.05,69.22,69.17,
QSG08-431,12/16/2010,0.05,69.24,69.19,
QSG08-431,1/23/2011,0.05,69.2,69.15,
QSG08-431,2/5/2011,0.05,69.27,69.22,
QSG08-431,2/28/2011,0.05,69.27,69.22,
QSG08-431,3/31/2011,0.05,69.21,69.16,
QSG08-431,5/14/2011,0.05,69.23,69.18,
QSG08-431,7/14/2011,0.05,69.3,69.25,
QSG08-431,8/14/2011,0.05,69.3,69.25,
QSG08-431,9/15/2011,0.05,69.26,69.21,
QSG08-431,10/12/2011,0.05,69.26,69.21,
QSG08-431,11/16/2011,0.05,69.22,69.17,
QSG08-431,12/21/2011,0.05,69.26,69.21,
QSG08-431,1/12/2012,0.05,69.29,69.24,
QSG08-431,2/14/2012,0.05,69.32,69.27,
QSG08-431,3/22/2012,0.05,69.3,69.25,
QSG08-431,4/19/2012,0.05,69.31,69.26,
QSG08-431,5/31/2012,0.05,69.32,69.27,
QSG08-431,6/4/2012,0.05,69.32,69.27,
QSG08-431,6/30/2012,0.05,69.32,69.27,
QSG08-431,7/29/2012,0.05,69.33,69.28,
QSG08-431,8/28/2012,0.05,69.3,69.25,
QSG08-431,9/29/2012,0.05,69.32,69.27,
QSG08-431,10/17/2012,0.05,69.39,69.34,
QSG08-431,11/22/2012,0.05,69.35,69.3,
QSG08-431,12/14/2012,,,,
QSG08-431,1/12/2013,0.05,69.32,69.27,
QSG08-431,2/12/2013,0.05,69.34,69.29,
QSG08-431,3/12/2013,0.05,69.32,69.27,
QSG08-431,4/12/2013,0.05,69.32,69.27,
QSG08-431,5/12/2013,0.05,69.3,69.25,
QSG08-431,6/12/2013,0.05,69.34,69.29,
QSG08-431,7/12/2013,0.05,69.33,69.28,
QSG08-431,8/14/2013,0.05,69.32,69.27,
QSG08-431,9/1/2013,0.05,69.36,69.31,
QSG08-431,10/22/2013,0.05,69.36,69.31,
QSG08-431,11/22/2013,0.05,69.34,69.29,
QSG08-431,12/22/2013,0.05,69.31,69.26,
QSG08-431,1/20/2014,0.05,69.3,69.25,
QSG08-431,2/23/2014,0.05,69.33,69.28,
QSG08-431,3/29/2014,0.05,69.36,69.31,
QSG08-431,4/27/2014,0.05,69.35,69.3,
QSG08-431,5/21/2014,0.05,69.39,69.34,
QSG08-431,6/21/2014,0.05,69.38,69.33,
QSG08-431,7/21/2014,0.05,69.36,69.31,
QSG08-431,8/23/2014,0.05,69.35,69.3,
QSG08-431,9/27/2014,0.05,69.36,69.31,
QSG08-431,10/31/2014,0.05,69.37,69.32,
QSG08-431,11/13/2014,0.05,69.37,69.32,
QSG08-431,12/11/2014,0.05,69.24,69.19,
QSG08-431,1/11/2015,0.05,69.36,69.31,
QSG08-431,2/11/2015,0.05,69.4,69.35,
QSG08-431,3/4/2015,0.05,69.4,69.35,
QSG08-431,4/4/2015,0.05,69.4,69.35,
QSG08-431,5/20/2015,0.05,69.4,69.35,
QSG08-431,6/3/2015,0.05,69.42,69.37,
QSG08-431,7/20/2015,0.87,70.23,69.36,
QSG08-431,8/12/2015,0.87,70.27,69.4,
QSG08-431,9/1/2015,0.87,70.25,69.38,
QSG08-431,10/21/2015,0.87,70.26,69.39,
QSG08-431,11/18/2015,0.87,70.24,69.37,
QSG08-431,12/3/2015,0.87,70.26,69.39,
QSG08-431,1/5/2016,0.87,70.26,69.39,
QSG08-431,2/24/2016,0.87,70.25,69.38,
QSG08-431,3/6/2016,0.87,70.26,69.39,
QSG08-431,4/8/2016,0.87,70.23,69.36,
QSG08-431,5/12/2016,0.87,70.26,69.39,
QSG08-493,7/26/2008,0.66,55.39,54.73,
QSG08-493,8/14/2008,0.66,55.39,54.73,
QSG08-493,9/6/2008,0.56,55.31,54.75,
QSG08-493,10/14/2008,0.56,55.24,54.68,
QSG08-493,11/11/2008,0.56,55.23,54.67,
QSG08-493,2/12/2009,0.56,55.27,54.71,
QSG08-493,5/29/2009,0.56,55.31,54.75,
QSG08-493,8/22/2009,0.56,55.3,54.74,
QSG08-493,11/15/2009,0.56,55.28,54.72,
QSG08-493,2/2/2010,0.56,55.69,55.13,
QSG08-493,5/24/2010,0.56,55.86,55.3,
QSG08-493,8/5/2010,0.56,55.52,54.96,
QSG08-493,9/4/2010,0.56,55.34,54.78,
QSG08-493,11/11/2010,0.56,55.29,54.73,
QSG08-493,12/16/2010,0.56,55.27,54.71,
QSG08-493,1/23/2011,0.56,55.27,54.71,
QSG08-493,2/5/2011,0.56,55.27,54.71,
QSG08-493,2/28/2011,0.56,55.24,54.68,
QSG08-493,3/31/2011,0.3,55.66,55.36,
QSG08-493,5/14/2011,0.3,55.64,55.34,
QSG08-493,7/14/2011,0.3,55.54,55.24,
QSG08-493,8/14/2011,0.3,55.5,55.2,
QSG08-493,9/15/2011,0.3,55.74,55.44,
QSG08-493,10/12/2011,0.3,55.76,55.46,
QSG08-493,11/15/2011,0.3,55.73,55.43,
QSG08-493,12/21/2011,0.3,55.73,55.43,
QSG08-493,1/9/2012,0.3,55.72,55.42,
QSG08-493,2/10/2012,0.3,55.7,55.4,
QSG08-493,3/22/2012,0.3,55.75,55.45,
QSG08-493,4/19/2012,0.3,55.7,55.4,
QSG08-493,5/31/2012,0.3,55.66,55.36,
QSG08-493,6/30/2012,0.3,55.66,55.36,
QSG08-493,7/29/2012,0.3,55.57,55.27,
QSG08-493,8/28/2012,0.3,55.58,55.28,
QSG08-493,9/29/2012,0.3,55.55,55.25,
QSG08-493,10/17/2012,0.3,55.88,55.58,
QSG08-493,11/25/2012,0.3,55.84,55.54,
QSG08-493,12/15/2012,0.3,55.79,55.49,
QSG08-493,1/12/2013,0.3,55.8,55.5,
QSG08-493,2/12/2013,0.3,55.8,55.5,
QSG08-493,3/12/2013,0.3,55.81,55.51,
QSG08-493,4/12/2013,0.3,55.75,55.45,
QSG08-493,5/12/2013,0.3,55.68,55.38,
QSG08-493,11/1/2013,0.3,55.48,55.18,
QSG08-493,1/20/2014,0.3,55.72,55.42,
QSG08-493,2/23/2014,0.3,55.74,55.44,
QSG08-493,3/29/2014,0.3,55.79,55.49,
QSG08-493,4/27/2014,0.3,55.78,55.48,
QSG08-493,5/21/2014,0.3,55.78,55.48,
QSG08-493,6/21/2014,0.3,55.81,55.51,
QSG08-493,7/28/2014,0.3,55.77,55.47,
QSG08-493,8/23/2014,0.3,55.73,55.43,
QSG08-493,9/27/2014,0.3,55.49,55.19,
QSG08-493,1/1/2015,0.3,55.31,55.01,
QSG08-493,2/1/2015,0.3,55.34,55.04,
QSG08-493,3/4/2015,0.3,55.32,55.02,
QSG08-493,4/4/2015,0.3,55.34,55.04,
QSG08-493,5/20/2015,0.3,55.31,55.01,
QSG08-493,6/3/2015,0.3,55.31,55.01,
QSG08-493,7/20/2015,0.3,55.32,55.02,
QSG08-493,8/12/2015,0.3,55.35,55.05,
QSG08-493,9/1/2015,0.3,55.34,55.04,
QSG08-493,10/21/2015,0.3,55.34,55.04,
QSG08-493,11/18/2015,0.3,55.33,55.03,
QSG08-493,12/3/2015,0.3,55.33,55.03,
QSG08-493,1/5/2016,0.3,55.39,55.09,
QSG08-493,2/24/2016,,,,
QSG08-493,3/6/2016,0.3,55.34,55.04,
QSG08-493,4/8/2016,0.33,55.36,55.03,
QSG08-493,5/12/2016,0.33,55.38,55.05,
QSG09-580,1/19/2010,0.18,170.92,170.74,
QSG09-580,6/13/2010,0.18,140.49,140.31,
QSG09-580,9/4/2010,1.3,126.9,125.6,
QSG09-580,11/11/2010,1.3,116.62,115.32,
QSG09-580,12/16/2010,1.3,109.4,108.1,
QSG09-580,1/23/2011,1.3,109.47,108.17,
QSG09-580,2/5/2011,1.3,102.63,101.33,
QSG09-580,2/28/2011,1.3,102.6,101.3,
QSG09-580,3/31/2011,1.3,101.4,100.1,
QSG09-580,7/12/2011,1.3,101.16,99.86,
QSG09-580,8/12/2011,1.3,101.15,99.85,
QSG09-580,9/12/2011,1.3,101.04,99.74,
QSG09-580,10/12/2011,1.3,101.1,99.8,
QSG09-580,11/7/2011,1.3,101.09,99.79,
QSG09-580,12/19/2011,1.3,101.12,99.82,
QSG09-580,1/9/2012,1.3,101.11,99.81,
QSG09-580,2/11/2012,1.3,101.12,99.82,
QSG09-580,3/22/2012,1.3,101.11,99.81,
QSG09-580,4/16/2012,1.3,101.09,99.79,
QSG09-580,5/12/2012,1.3,101.2,99.9,
QSG09-580,6/12/2012,1.3,101.22,99.92,
QSG09-580,6/28/2012,0,99.92,99.92,
QSG09-580,7/26/2012,0,99.85,99.85,
QSG09-580,8/31/2012,0,99.91,99.91,
QSG09-580,9/29/2012,0,99.9,99.9,
QSG09-580,10/17/2012,0,99.96,99.96,
QSG09-580,11/20/2012,0,99.77,99.77,
QSG09-580,12/16/2012,0,99.77,99.77,
QSG09-580,4/15/2013,0,99.78,99.78,
QSG09-580,5/25/2013,0,99.77,99.77,
QSG09-580,6/12/2013,0,99.78,99.78,
QSG09-580,6/24/2013,0,99.78,99.78,
QSG09-580,7/12/2013,0,99.77,99.77,
QSG09-580,8/16/2013,0,99.78,99.78,
QSG09-580,9/1/2013,0,99.78,99.78,
QSG09-580,10/22/2013,0,99.77,99.77,
QSG09-580,11/22/2013,0,99.77,99.77,
QSG09-580,12/22/2013,0,99.7,99.7,
QSG09-580,1/20/2014,0,99.72,99.72,
QSG09-580,2/22/2014,0,99.79,99.79,
QSG09-580,3/29/2014,0,99.76,99.76,
QSG09-580,4/23/2014,0,99.78,99.78,
QSG09-580,5/25/2014,0,99.8,99.8,
QSG09-580,6/20/2014,0,99.79,99.79,
QSG09-580,7/28/2014,0,99.77,99.77,
QSG09-580,8/23/2014,0,99.77,99.77,
QSG09-580,9/28/2014,0,99.76,99.76,
QSG09-580,12/13/2014,0,99.61,99.61,
QSG09-580,1/13/2015,0,99.78,99.78,
QSG09-580,2/13/2015,0,99.8,99.8,
QSG09-580,3/3/2015,0,99.61,99.61,
QSG09-580,4/3/2015,0,99.63,99.63,
QSG09-580,5/21/2015,0,99.64,99.64,
QSG09-580,6/4/2015,0,99.63,99.63,
QSG09-580,7/3/2015,0,99.53,99.53,
QSG09-580,8/12/2015,0,99.66,99.66,
QSG09-580,9/3/2015,0,99.65,99.65,
QSG09-580,10/22/2015,0,99.64,99.64,
QSG09-580,11/19/2015,0,99.65,99.65,
QSG09-580,11/30/2015,0,99.64,99.64,
QSG09-580,1/4/2016,0,99.65,99.65,
QSG09-580,2/23/2016,0,99.62,99.62,
QSG09-580,3/3/2016,0,99.62,99.62,
QSG09-580,4/6/2016,0,90.51,90.51,
QSG09-580,5/10/2016,0,99.84,99.84,
QSG09-585,1/19/2010,0.18,68.37,68.19,
QSG09-585,6/13/2010,0.18,68.53,68.35,
QSG09-585,9/4/2010,1.86,70.22,68.36,
QSG09-585,11/4/2010,1.86,70.28,68.42,
QSG09-585,12/4/2010,1.86,70.28,68.42,
QSG09-585,1/23/2011,1.86,70.28,68.42,
QSG09-585,2/5/2011,1.86,70.26,68.4,
QSG09-585,2/28/2011,1.86,70.26,68.4,
QSG09-585,3/31/2011,1.86,70.27,68.41,
QSG09-585,7/12/2011,1.86,70.29,68.43,
QSG09-585,8/12/2011,1.86,70.26,68.4,
QSG09-585,9/12/2011,1.86,70.26,68.4,
QSG09-585,10/12/2011,1.86,70.25,68.39,
QSG09-585,11/7/2011,1.86,70.27,68.41,
QSG09-585,12/19/2011,1.86,70.27,68.41,
QSG09-585,1/9/2012,1.86,70.3,68.44,
QSG09-585,2/11/2012,1.86,70.31,68.45,
QSG09-585,3/22/2012,1.86,70.29,68.43,
QSG09-585,4/12/2012,1.86,70.29,68.43,
QSG09-585,4/16/2012,1.86,70.29,68.43,
QSG09-585,5/12/2012,1.86,70.31,68.45,
QSG09-585,6/4/2012,1.86,70.32,68.46,
QSG09-585,6/12/2012,1.86,70.29,68.43,
QSG09-585,6/28/2012,0,68.44,68.44,
QSG09-585,7/26/2012,0,68.44,68.44,
QSG09-585,8/29/2012,0,68.45,68.45,
QSG09-585,9/27/2012,0,68.45,68.45,
QSG09-585,10/17/2012,0,68.45,68.45,
QSG09-585,11/20/2012,0,68.47,68.47,
QSG09-585,12/14/2012,0,68.48,68.48,
QSG09-585,4/12/2013,0,68.51,68.51,
QSG09-585,5/12/2013,0,68.5,68.5,
QSG09-585,6/12/2013,0,68.52,68.52,
QSG09-585,6/24/2013,0,68.52,68.52,
QSG09-585,7/12/2013,0,68.51,68.51,
QSG09-585,8/16/2013,0,68.53,68.53,
QSG09-585,9/1/2013,0,68.54,68.54,
QSG09-585,10/22/2013,0,68.52,68.52,
QSG09-585,11/22/2013,0,68.53,68.53,
QSG09-585,12/22/2013,0,68.47,68.47,
QSG09-585,1/20/2014,0,68.43,68.43,
QSG09-585,2/22/2014,0,68.56,68.56,
QSG09-585,3/29/2014,0,68.54,68.54,
QSG09-585,4/23/2014,0,68.57,68.57,
QSG09-585,5/25/2014,0,68.59,68.59,
QSG09-585,6/20/2014,0,68.57,68.57,
QSG09-585,7/28/2014,0,68.56,68.56,
QSG09-585,8/23/2014,0,68.5,68.5,
QSG09-585,9/28/2014,0,68.56,68.56,
QSG09-585,12/13/2014,0,68.52,68.52,
QSG09-585,1/1/2015,0,68.52,68.52,
QSG09-585,2/1/2015,0,68.54,68.54,
QSG09-585,3/3/2015,0,68.51,68.51,
QSG09-585,4/3/2015,0,68.54,68.54,
QSG09-585,5/21/2015,0,68.54,68.54,
QSG09-585,6/4/2015,0,68.54,68.54,
QSG09-585,7/19/2015,0,68.47,68.47,
QSG09-585,8/12/2015,0,68.58,68.58,
QSG09-585,9/3/2015,0,68.56,68.56,
QSG09-585,10/22/2015,0,68.56,68.56,
QSG09-585,11/19/2015,0,68.58,68.58,
QSG09-585,11/30/2015,0,68.56,68.56,
QSG09-585,1/4/2016,0,68.56,68.56,
QSG09-585,2/23/2016,0,68.54,68.54,
QSG09-585,3/3/2016,0,68.53,68.53,
QSG09-585,4/6/2016,0,68.45,68.45,
QSG09-585,5/10/2016,0,68.56,68.56,
QSG09-586,6/13/2010,0.18,124.78,124.6,
QSG09-586,9/4/2010,1.4,121.45,120.05,
QSG09-586,11/4/2010,1.4,119.9,118.5,
QSG09-586,12/4/2010,1.4,118.93,117.53,
QSG09-586,1/23/2011,1.4,119.01,117.61,
QSG09-586,2/5/2011,1.4,118.06,116.66,
QSG09-586,2/28/2011,1.4,118.06,116.66,
QSG09-586,3/31/2011,1.4,117.33,115.93,
QSG09-586,7/12/2011,1.4,116.22,114.82,
QSG09-586,8/12/2011,1.4,115.92,114.52,
QSG09-586,9/12/2011,1.4,115.73,114.33,
QSG09-586,10/12/2011,1.4,115.45,114.05,
QSG09-586,10/15/2011,1.4,115.45,114.05,
QSG09-586,11/7/2011,1.4,115.3,113.9,
QSG09-586,12/19/2011,1.4,115.04,113.64,
QSG09-586,1/9/2012,1.4,114.95,113.55,
QSG09-586,2/11/2012,1.4,114.76,113.36,
QSG09-586,3/22/2012,1.4,114.26,112.86,
QSG09-586,4/12/2012,0,112.86,112.86,
QSG09-586,4/16/2012,0,112.86,112.86,
QSG09-586,5/12/2012,0,112.62,112.62,
QSG09-586,6/4/2012,0,112.62,112.62,
QSG09-586,6/12/2012,0,112.59,112.59,
QSG09-586,6/28/2012,0,112.59,112.59,
QSG09-586,7/26/2012,0,112.48,112.48,
QSG09-586,8/29/2012,0,112.36,112.36,
QSG09-586,9/27/2012,0,112.26,112.26,
QSG09-586,10/17/2012,0,112.2,112.2,
QSG09-586,11/20/2012,0,112.1,112.1,
QSG09-586,12/14/2012,0,112.36,112.36,
QSG09-586,4/12/2013,0,111.65,111.65,
QSG09-586,4/15/2013,0,111.65,111.65,
QSG09-586,5/12/2013,0,111.64,111.64,
QSG09-586,5/25/2013,0,111.64,111.64,
QSG09-586,6/12/2013,0,111.59,111.59,
QSG09-586,6/24/2013,0,111.59,111.59,
QSG09-586,7/12/2013,0,111.73,111.73,
QSG09-586,8/16/2013,1.3,112.49,111.19,
QSG09-586,9/1/2013,0,111.4,111.4,
QSG09-586,10/22/2013,0,111.34,111.34,
QSG09-586,11/22/2013,0,111.29,111.29,
QSG09-586,12/22/2013,0,111.1,111.1,
QSG09-586,1/20/2014,0,111.11,111.11,
QSG09-586,2/22/2014,0,111.12,111.12,
QSG09-586,3/29/2014,0,111.07,111.07,
QSG09-586,4/23/2014,0,111.06,111.06,
QSG09-586,5/25/2014,0,111.02,111.02,
QSG09-586,6/20/2014,0,110.98,110.98,
QSG09-586,7/28/2014,0,110.9,110.9,
QSG09-586,8/23/2014,0,110.8,110.8,
QSG09-586,9/28/2014,0,110.81,110.81,
QSG09-586,12/13/2014,0,110.66,110.66,
QSG09-586,1/13/2015,0,110.6,110.6,
QSG09-586,2/13/2015,0,110.6,110.6,
QSG09-586,3/3/2015,0,110.56,110.56,
QSG09-586,4/3/2015,0,110.53,110.53,
QSG09-586,5/21/2015,0,110.53,110.53,
QSG09-586,6/4/2015,0,110.51,110.51,
QSG09-586,7/19/2015,0,110.37,110.37,
QSG09-586,8/12/2015,0,110.49,110.49,
QSG09-586,9/3/2015,0,110.47,110.47,
QSG09-586,10/22/2015,0,110.44,110.44,
QSG09-586,11/19/2015,0,110.42,110.42,
QSG09-586,11/30/2015,0,110.4,110.4,
QSG09-586,1/4/2016,0,110.38,110.38,
QSG09-586,2/23/2016,0,110.33,110.33,
QSG09-586,3/3/2016,0,110.32,110.32,
QSG09-586,4/6/2016,0,110.2,110.2,
QSG09-586,5/10/2016,0,110.32,110.32,
QSG09-587,1/19/2010,-0.12,28.34,28.46,
QSG09-587,9/4/2010,1.3,29.76,28.46,
QSG09-587,11/4/2010,1.3,29.8,28.5,
QSG09-587,12/4/2010,1.3,29.81,28.51,
QSG09-587,1/23/2011,1.3,29.82,28.52,
QSG09-587,2/5/2011,1.3,29.8,28.5,
QSG09-587,2/28/2011,1.3,29.77,28.47,
QSG09-587,3/31/2011,1.3,29.8,28.5,
QSG09-587,7/12/2011,1.3,29.85,28.55,
QSG09-587,8/12/2011,1.3,29.83,28.53,
QSG09-587,9/12/2011,1.3,29.81,28.51,
QSG09-587,10/12/2011,1.3,29.84,28.54,
QSG09-587,11/7/2011,1.3,29.84,28.54,
QSG09-587,12/21/2011,1.3,29.87,28.57,
QSG09-587,1/12/2012,1.3,29.86,28.56,
QSG09-587,2/11/2012,1.3,29.88,28.58,
QSG09-587,3/22/2012,1.3,29.89,28.59,
QSG09-587,4/12/2012,1.3,29.86,28.56,
QSG09-587,4/16/2012,1.3,29.86,28.56,
QSG09-587,5/12/2012,1.3,29.89,28.59,
QSG09-587,6/4/2012,1.3,29.89,28.59,
QSG09-587,6/12/2012,1.3,29.89,28.59,
QSG09-587,6/30/2012,1.3,29.89,28.59,
QSG09-587,7/30/2012,1.3,29.92,28.62,
QSG09-587,8/29/2012,1.3,29.92,28.62,
QSG09-587,9/27/2012,1.3,29.88,28.58,
QSG09-587,10/17/2012,1.3,29.92,28.62,
QSG09-587,11/20/2012,1.3,29.9,28.6,
QSG09-587,12/14/2012,1.3,29.89,28.59,
QSG09-587,4/10/2013,1.3,29.92,28.62,
QSG09-587,5/25/2013,1.3,29.91,28.61,
QSG09-587,6/12/2013,1.3,29.94,28.64,
QSG09-587,6/23/2013,1.3,29.94,28.64,
QSG09-587,7/12/2013,1.3,29.95,28.65,
QSG09-587,8/11/2013,1.3,29.95,28.65,
QSG09-587,9/1/2013,1.3,29.95,28.65,
QSG09-587,10/22/2013,1.3,29.96,28.66,
QSG09-587,11/22/2013,1.3,29.95,28.65,
QSG09-587,12/22/2013,1.3,29.95,28.65,
QSG09-587,1/20/2014,1.3,29.95,28.65,
QSG09-587,2/20/2014,1.3,29.93,28.63,
QSG09-587,3/28/2014,1.3,29.97,28.67,
QSG09-587,4/25/2014,1.3,29.99,28.69,
QSG09-587,6/21/2014,1.3,29.97,28.67,
QSG09-587,7/28/2014,1.3,30,28.7,
QSG09-587,8/23/2014,1.3,30,28.7,
QSG09-587,9/28/2014,1.3,30,28.7,
QSG09-587,12/8/2014,1.3,29.98,28.68,
QSG09-587,1/8/2015,1.3,30.03,28.73,
QSG09-587,2/8/2015,1.3,30.03,28.73,
QSG09-587,3/3/2015,1.29,30.05,28.76,
QSG09-587,4/3/2015,1.29,30.08,28.79,
QSG09-587,5/20/2015,1.29,30.03,28.74,
QSG09-587,6/2/2015,1.29,30.03,28.74,
QSG09-587,7/19/2015,1.3,30.04,28.74,
QSG09-587,8/12/2015,1.3,30.12,28.82,
QSG09-587,9/1/2015,1.3,30.1,28.8,
QSG09-587,10/20/2015,1.3,30.08,28.78,
QSG09-587,11/18/2015,1.3,30.09,28.79,
QSG09-587,11/30/2015,1.3,30.1,28.8,
QSG09-587,1/5/2016,1.3,30.13,28.83,
QSG09-587,2/23/2016,1.3,30.08,28.78,
QSG09-587,3/4/2016,1.3,30.09,28.79,
QSG09-587,4/6/2016,1.3,30.09,28.79,
QSG09-587,5/10/2016,1.3,30.12,28.82,
QSG09-597,12/15/2009,0,45.25,45.25,
QSG09-597,9/4/2010,0,45.55,45.55,
QSG09-597,11/4/2010,0,45.54,45.54,
QSG09-597,12/4/2010,0,45.52,45.52,
QSG09-597,1/23/2011,0,45.53,45.53,
QSG09-597,2/5/2011,0,45.55,45.55,
QSG09-597,2/28/2011,0,45.54,45.54,
QSG09-597,3/31/2011,0,45.52,45.52,
QSG09-597,7/12/2011,0,45.57,45.57,
QSG09-597,8/12/2011,0,45.63,45.63,
QSG09-597,9/12/2011,0,45.56,45.56,
QSG09-597,10/12/2011,0,45.57,45.57,
QSG09-597,11/16/2011,0,45.56,45.56,
QSG09-597,12/21/2011,0,45.58,45.58,
QSG09-597,1/9/2012,0,45.59,45.59,
QSG09-597,2/14/2012,0,45.59,45.59,
QSG09-597,3/22/2012,0,45.59,45.59,
QSG09-597,4/12/2012,0,45.6,45.6,
QSG09-597,5/12/2012,0,45.6,45.6,
QSG09-597,6/4/2012,0,45.6,45.6,
QSG09-597,6/30/2012,0,45.6,45.6,
QSG09-597,7/29/2012,0,45.61,45.61,
QSG09-597,8/28/2012,0,45.66,45.66,
QSG09-597,9/27/2012,0,45.6,45.6,
QSG09-597,10/17/2012,0,45.71,45.71,
QSG09-597,11/20/2012,0,45.72,45.72,
QSG09-597,12/14/2012,0,45.72,45.72,
QSG09-597,4/12/2013,0,45.69,45.69,
QSG09-597,5/12/2013,0,45.65,45.65,
QSG09-597,5/27/2013,0,45.65,45.65,
QSG09-597,6/12/2013,0,45.65,45.65,
QSG09-597,6/23/2013,0,45.65,45.65,
QSG09-597,7/12/2013,0,45.62,45.62,
QSG09-597,8/14/2013,0,45.62,45.62,
QSG09-597,9/1/2013,0,45.65,45.65,
QSG09-597,10/22/2013,0,45.65,45.65,
QSG09-597,11/22/2013,0,45.64,45.64,
QSG09-597,12/22/2013,0,45.61,45.61,
QSG09-597,1/20/2014,0,45.6,45.6,
QSG09-597,2/23/2014,0,45.63,45.63,
QSG09-597,3/29/2014,0,45.65,45.65,
QSG09-597,4/27/2014,0,45.65,45.65,
QSG09-597,5/21/2014,0,45.66,45.66,
QSG09-597,6/21/2014,0,45.68,45.68,
QSG09-597,7/28/2014,0,45.67,45.67,
QSG09-597,8/23/2014,0,45.67,45.67,
QSG09-597,9/27/2014,0,45.67,45.67,
QSG09-597,12/11/2014,0,45.67,45.67,
QSG09-597,1/11/2015,0,45.68,45.68,
QSG09-597,2/11/2015,0,45.71,45.71,
QSG09-597,3/4/2015,0,45.7,45.7,
QSG09-597,4/4/2015,0,45.73,45.73,
QSG09-597,5/21/2015,0,45.71,45.71,
QSG09-597,6/4/2015,0,,,
QSG09-597,7/20/2015,0,45.72,45.72,
QSG09-597,8/12/2015,0,45.75,45.75,
QSG09-597,9/1/2015,0,45.74,45.74,
QSG09-597,10/21/2015,0,45.74,45.74,
QSG09-597,11/18/2015,0,45.73,45.73,
QSG09-597,12/3/2015,0,45.74,45.74,
QSG09-597,1/5/2016,0,45.84,45.84,
QSG09-597,2/24/2016,0,45.52,45.52,
QSG09-597,3/6/2016,0,45.57,45.57,
QSG09-597,4/8/2016,0,45.59,45.59,
QSG09-597,5/12/2016,0,45.63,45.63,
QSG09-605,12/15/2009,1.07,24.85,23.78,
QSG09-605,2/2/2010,1.07,22.47,21.4,
QSG09-605,9/4/2010,1.07,22.33,21.26,
QSG09-605,11/4/2010,1.07,22.32,21.25,
QSG09-605,12/4/2010,1.07,22.33,21.26,
QSG09-605,1/23/2011,1.07,22.32,21.25,
QSG09-605,2/5/2011,1.07,22.29,21.22,
QSG09-605,2/28/2011,1.07,22.29,21.22,
QSG09-605,3/31/2011,1.07,22.25,21.18,
QSG09-605,7/12/2011,1.07,22.25,21.18,
QSG09-605,8/12/2011,1.07,22.25,21.18,
QSG09-605,9/12/2011,1.07,22.23,21.16,
QSG09-605,10/12/2011,1.07,22.2,21.13,
QSG09-605,11/7/2011,1.07,22.2,21.13,
QSG09-605,12/21/2011,1.07,22.19,21.12,
QSG09-605,1/12/2012,1.07,22.2,21.13,
QSG09-605,2/11/2012,1.07,22.16,21.09,
QSG09-605,3/22/2012,1.07,22.15,21.08,
QSG09-605,4/12/2012,1.07,22.17,21.1,
QSG09-605,4/16/2012,1.07,22.17,21.1,
QSG09-605,5/12/2012,1.07,22.15,21.08,
QSG09-605,6/4/2012,1.07,22.15,21.08,
QSG09-605,6/12/2012,1.07,22.12,21.05,
QSG09-605,6/30/2012,1.07,22.12,21.05,
QSG09-605,7/30/2012,1.07,22.14,21.07,
QSG09-605,8/28/2012,1.07,22.13,21.06,
QSG09-605,9/27/2012,1.07,22.07,21,
QSG09-605,10/17/2012,1.07,22.13,21.06,
QSG09-605,11/20/2012,1.07,22.09,21.02,
QSG09-605,12/14/2012,1.07,22.06,20.99,
QSG09-605,4/15/2013,1.07,22,20.93,
QSG09-605,5/25/2013,1.07,21.99,20.92,
QSG09-605,6/12/2013,1.04,21.97,20.93,
QSG09-605,6/25/2013,1.04,21.97,20.93,
QSG09-605,7/12/2013,1.04,21.97,20.93,
QSG09-605,8/11/2013,1.04,21.95,20.91,
QSG09-605,9/1/2013,1.04,21.96,20.92,
QSG09-605,10/22/2013,1.04,21.95,20.91,
QSG09-605,11/22/2013,1.04,21.96,20.92,
QSG09-605,12/22/2013,1.04,21.91,20.87,
QSG09-605,1/20/2014,1.04,21.89,20.85,
QSG09-605,2/20/2014,1.04,21.91,20.87,
QSG09-605,3/28/2014,1.04,21.91,20.87,
QSG09-605,4/25/2014,1.04,21.9,20.86,
QSG09-605,5/24/2014,1.04,21.87,20.83,
QSG09-605,6/22/2014,1.07,21.87,20.8,
QSG09-605,7/28/2014,1.04,21.85,20.81,
QSG09-605,8/23/2014,1.04,21.85,20.81,
QSG09-605,9/28/2014,1.04,21.88,20.84,
QSG09-605,12/8/2014,1.04,21.77,20.73,
QSG09-605,1/8/2015,1.04,21.47,20.43,
QSG09-605,2/8/2015,1.04,21.37,20.33,
QSG09-605,3/3/2015,1.04,21.32,20.28,
QSG09-605,4/3/2015,1.04,21.15,20.11,
QSG09-605,5/21/2015,1.04,21.02,19.98,
QSG09-605,6/2/2015,1.04,20.97,19.93,
QSG09-605,7/19/2015,1,20.88,19.88,
QSG09-605,8/12/2015,1,20.91,19.91,
QSG09-605,9/3/2015,1,20.66,19.66,
QSG09-605,10/21/2015,1,20.67,19.67,
QSG09-605,11/18/2015,1,20.61,19.61,
QSG09-605,11/30/2015,1,20.63,19.63,
QSG09-605,1/5/2016,1,20.61,19.61,
QSG09-605,2/23/2016,1,20.54,19.54,
QSG09-605,3/4/2016,1,20.53,19.53,
QSG09-605,4/6/2016,1,20.47,19.47,
QSG09-605,5/10/2016,1,20.43,19.43,
QSG09-608,12/15/2009,0,28.39,28.39,
QSG09-608,9/4/2010,0.98,29.41,28.43,
QSG09-608,11/4/2010,0.98,29.46,28.48,
QSG09-608,12/4/2010,0.98,29.47,28.49,
QSG09-608,1/23/2011,0.98,29.45,28.47,
QSG09-608,2/5/2011,0.98,29.46,28.48,
QSG09-608,2/28/2011,0.98,29.46,28.48,
QSG09-608,3/31/2011,0.98,29.46,28.48,
QSG09-608,7/12/2011,0.98,29.51,28.53,
QSG09-608,8/12/2011,0.98,29.5,28.52,
QSG09-608,9/12/2011,0.98,29.49,28.51,
QSG09-608,10/12/2011,0.98,29.52,28.54,
QSG09-608,11/7/2011,0.98,29.51,28.53,
QSG09-608,12/21/2011,0.98,29.55,28.57,
QSG09-608,1/12/2012,0.98,29.54,28.56,
QSG09-608,2/11/2012,0.98,29.57,28.59,
QSG09-608,3/22/2012,0.98,29.58,28.6,
QSG09-608,4/12/2012,0.98,29.53,28.55,
QSG09-608,4/16/2012,0.98,29.53,28.55,
QSG09-608,5/12/2012,0.98,29.57,28.59,
QSG09-608,6/4/2012,0.98,29.57,28.59,
QSG09-608,6/12/2012,0.98,29.58,28.6,
QSG09-608,6/30/2012,0.98,29.58,28.6,
QSG09-608,7/30/2012,0.98,29.6,28.62,
QSG09-608,8/28/2012,0.98,29.62,28.64,
QSG09-608,9/27/2012,0.98,29.53,28.55,
QSG09-608,10/17/2012,0.98,29.59,28.61,
QSG09-608,11/20/2012,0.98,29.58,28.6,
QSG09-608,12/14/2012,0.98,29.58,28.6,
QSG09-608,4/15/2013,0.98,29.62,28.64,
QSG09-608,5/25/2013,0.98,29.59,28.61,
QSG09-608,6/12/2013,0.98,29.62,28.64,
QSG09-608,6/23/2013,0.98,29.62,28.64,
QSG09-608,7/12/2013,0.95,29.63,28.68,
QSG09-608,8/11/2013,0.95,29.63,28.68,
QSG09-608,9/1/2013,0.95,29.63,28.68,
QSG09-608,10/22/2013,0.95,29.64,28.69,
QSG09-608,11/22/2013,0.95,29.63,28.68,
QSG09-608,12/22/2013,0.95,29.63,28.68,
QSG09-608,1/20/2014,0.95,29.61,28.66,
QSG09-608,2/20/2014,0.95,29.63,28.68,
QSG09-608,3/28/2014,0.95,29.66,28.71,
QSG09-608,4/25/2014,0.95,29.67,28.72,
QSG09-608,5/24/2014,0.95,29.68,28.73,
QSG09-608,6/21/2014,0.95,29.66,28.71,
QSG09-608,7/28/2014,0.95,29.7,28.75,
QSG09-608,8/23/2014,0.95,29.67,28.72,
QSG09-608,9/28/2014,0.95,29.69,28.74,
QSG09-608,12/8/2014,0.95,29.68,28.73,
QSG09-608,1/8/2015,0.95,29.72,28.77,
QSG09-608,2/8/2015,0.95,29.71,28.76,
QSG09-608,3/3/2015,0.95,29.73,28.78,
QSG09-608,4/3/2015,0.95,29.75,28.8,
QSG09-608,5/20/2015,0.95,29.72,28.77,
QSG09-608,6/2/2015,0.95,29.72,28.77,
QSG09-608,7/19/2015,0.95,29.73,28.78,
QSG09-608,8/12/2015,0.95,29.8,28.85,
QSG09-608,9/1/2015,0.95,29.78,28.83,
QSG09-608,10/20/2015,0.95,29.77,28.82,
QSG09-608,11/18/2015,0.9,29.78,28.88,
QSG09-608,11/30/2015,0.9,29.77,28.87,
QSG09-608,1/5/2016,0.9,29.8,28.9,
QSG09-608,2/23/2016,0.9,29.76,28.86,
QSG09-608,3/4/2016,0.9,29.77,28.87,
QSG09-608,4/6/2016,0.9,29.73,28.83,
QSG09-608,5/10/2016,0.9,29.81,28.91,
QSG10-696,1/23/2011,1.37,42.37,41,
QSG10-696,2/5/2011,1.37,42.36,40.99,
QSG10-696,2/28/2011,1.37,42.35,40.98,
QSG10-696,3/31/2011,1.37,42.35,40.98,
QSG10-696,7/12/2011,1.37,42.35,40.98,
QSG10-696,8/12/2011,1.37,42.35,40.98,
QSG10-696,9/12/2011,1.37,42.36,40.99,
QSG10-696,10/12/2011,1.37,42.36,40.99,
QSG10-696,11/16/2011,1.37,42.35,40.98,
QSG10-696,12/12/2011,1.37,42.36,40.99,
QSG10-696,1/12/2012,1.37,42.33,40.96,
QSG10-696,2/13/2012,1.37,42.36,40.99,
QSG10-696,3/22/2012,1.37,42.36,40.99,
QSG10-696,4/12/2012,1.37,42.35,40.98,
QSG10-696,5/12/2012,1.37,42.38,41.01,
QSG10-696,6/1/2012,1.37,42.38,41.01,
QSG10-696,6/12/2012,1.37,42.39,41.02,
QSG10-696,6/28/2012,1.37,42.39,41.02,
QSG10-696,7/29/2012,1.37,42.42,41.05,
QSG10-696,8/29/2012,1.37,42.42,41.05,
QSG10-696,9/27/2012,1.37,42.43,41.06,
QSG10-696,10/17/2012,1.37,42.44,41.07,
QSG10-696,11/20/2012,1.37,42.45,41.08,
QSG10-696,12/14/2012,1.37,42.43,41.06,
QSG10-696,4/15/2013,1.37,42.44,41.07,
QSG10-696,5/27/2013,1.37,42.42,41.05,
QSG10-696,6/12/2013,1.37,42.46,41.09,
QSG10-696,6/24/2013,1.37,42.46,41.09,
QSG10-696,7/12/2013,1.37,42.46,41.09,
QSG10-696,8/15/2013,1.37,42.45,41.08,
QSG10-696,9/1/2013,1.4,42.46,41.06,
QSG10-696,10/22/2013,1.4,42.44,41.04,
QSG10-696,11/22/2013,1.4,42.45,41.05,
QSG10-696,12/22/2013,1.4,42.4,41,
QSG10-696,1/20/2014,1.4,42.4,41,
QSG10-696,2/24/2014,1.4,42.43,41.03,
QSG10-696,3/29/2014,1.4,42.43,41.03,
QSG10-696,4/22/2014,1.4,42.44,41.04,
QSG10-696,5/23/2014,1.4,42.43,41.03,
QSG10-696,6/20/2014,1.4,42.45,41.05,
QSG10-696,7/28/2014,1.4,42.46,41.06,
QSG10-696,8/25/2014,1.4,42.43,41.03,
QSG10-696,9/28/2014,1.3,42.45,41.15,
QSG10-696,12/13/2014,1.4,42.45,41.05,
QSG10-696,1/13/2015,1.4,42.47,41.07,
QSG10-696,2/13/2015,1.4,42.48,41.08,
QSG10-696,3/3/2015,1.4,42.45,41.05,
QSG10-696,4/3/2015,1.4,42.47,41.07,
QSG10-696,5/20/2015,1.4,41.01,39.61,
QSG10-696,6/3/2015,1.4,41.04,39.64,
QSG10-696,7/19/2015,0,41,41,
QSG10-696,8/12/2015,0,41.06,41.06,
QSG10-696,9/3/2015,0,41.04,41.04,
QSG10-696,10/22/2015,0,41.05,41.05,
QSG10-696,11/19/2015,0,41.05,41.05,
QSG10-696,11/30/2015,0,41.03,41.03,
QSG10-696,1/4/2016,0,41.04,41.04,
QSG10-696,2/23/2016,0,41.01,41.01,
QSG10-696,3/3/2016,0,41,41,
QSG10-696,4/6/2016,0,41.01,41.01,
QSG10-696,5/10/2016,0,41.01,41.01,
Casing acero,2/2/2010,0.08,29.87,29.79,
Casing acero,9/4/2010,0.08,28.93,28.85,
Casing acero,11/4/2010,0.08,28.9,28.82,
Casing acero,12/4/2010,0.08,28.92,28.84,
Casing acero,1/23/2011,0.08,28.92,28.84,
Casing acero,2/5/2011,0.08,28.93,28.85,
Casing acero,2/28/2011,0.08,28.93,28.85,
Casing acero,3/31/2011,0.08,28.94,28.86,
Casing acero,7/12/2011,0.08,29.02,28.94,
Casing Acero,8/12/2011,0.08,29,28.92,
Casing Acero,9/12/2011,0.08,28.98,28.9,
Casing Acero,10/12/2011,0.08,28.98,28.9,
Casing Acero,11/7/2011,0.08,28.95,28.87,
Casing Acero,12/21/2011,0.08,28.99,28.91,
Casing Acero,1/12/2012,0.08,28.99,28.91,
Casing Acero,2/11/2012,0.08,28.88,28.8,
Casing Acero,3/22/2012,0.08,28.98,28.9,
Casing Acero,4/12/2012,0.08,28.96,28.88,
Casing Acero,5/12/2012,0.08,28.96,28.88,
Casing Acero,6/4/2012,0.08,28.96,28.88,
Casing Acero,6/28/2012,0.08,28.96,28.88,
Casing Acero,7/30/2012,0.08,28.97,28.89,
Casing Acero,8/29/2012,0.08,28.93,28.85,
Casing Acero,9/27/2012,0.08,28.86,28.78,
Casing Acero,10/17/2012,0.08,28.93,28.85,
Casing Acero,11/20/2012,0.08,28.92,28.84,
Casing Acero,12/14/2012,0.08,28.93,28.85,
Casing Acero,4/12/2013,0.08,28.94,28.86,
Casing Acero,4/15/2013,0.08,28.89,28.81,
Casing Acero,6/12/2013,0.08,28.87,28.79,
Casing Acero,6/23/2013,0.08,28.87,28.79,
Casing Acero,7/12/2013,0.08,28.85,28.77,
Casing Acero,8/11/2013,0.08,28.85,28.77,
Casing Acero,9/1/2013,0.08,28.85,28.77,
Casing Acero,10/22/2013,0.08,28.85,28.77,
Casing Acero,11/22/2013,0.08,28.84,28.76,
Casing Acero,12/22/2013,0.08,28.8,28.72,
Casing Acero,1/20/2014,0.08,28.77,28.69,
Casing Acero,2/20/2014,0.08,28.82,28.74,
Casing Acero,3/20/2014,0.08,,,
Casing Acero,4/23/2014,0.08,28.81,28.73,
Casing Acero,5/23/2014,0.08,28.81,28.73,
Casing Acero,6/21/2014,0.08,28.8,28.72,
Casing Acero,7/28/2014,0.08,28.8,28.72,
Casing Acero,8/24/2014,0.08,28.81,28.73,
Casing Acero,9/28/2014,0.08,28.8,28.72,
Casing Acero,12/8/2014,0.08,28.75,28.67,
Casing Acero,1/8/2015,0.08,28.77,28.69,
Casing Acero,2/8/2015,0.08,28.77,28.69,
Casing Acero,3/3/2015,0.08,28.77,28.69,
Casing Acero,4/3/2015,0.08,28.78,28.7,
Casing Acero,5/21/2015,0.08,28.77,28.69,
Casing Acero,6/4/2015,0.08,28.77,28.69,
Casing Acero,7/19/2015,0.06,28.72,28.66,
Casing Acero,9/3/2015,0.06,28.78,28.72,
Casing Acero,10/21/2015,0.06,28.76,28.7,
Casing Acero,11/18/2015,0.06,28.77,28.71,
Casing Acero,11/30/2015,0.06,28.76,28.7,
Casing Acero,1/5/2016,0.06,28.79,28.73,
Casing Acero,2/23/2016,0.06,28.76,28.7,
Casing Acero,3/4/2016,0.06,28.77,28.71,
Casing Acero,4/6/2016,0.06,28.77,28.71,
Casing Acero,5/10/2016,0.06,28.79,28.73,
QSG08-530,6/12/2013,,,,
QSG08-530,7/12/2013,,,,
QSG08-530,8/15/2013,,,,
QSG08-530,10/22/2013,1.5,61.64,60.14,
QSG08-530,11/22/2013,1.5,61.53,60.03,
QSG08-530,12/22/2013,1.5,61.39,59.89,
QSG08-530,1/20/2014,1.5,61.29,59.79,
QSG08-530,2/25/2014,1.5,61.19,59.69,
QSG08-530,3/25/2014,,,,
QSG08-530,4/23/2014,1.5,60.99,59.49,
QSG08-530,5/23/2014,1.5,60.9,59.4,
QSG08-530,6/20/2014,1.5,60.84,59.34,
QSG08-530,7/28/2014,1.5,60.74,59.24,
QSG08-530,8/24/2014,1.5,60.69,59.19,
QSG08-530,9/28/2014,1.5,60.57,59.07,
QSG08-530,12/9/2014,1.5,60.32,58.82,
QSG08-530,1/9/2015,1.5,60.26,58.76,
QSG08-530,2/9/2015,1.5,60.24,58.74,
QSG08-530,3/3/2015,1.5,60.21,58.71,
QSG08-530,4/3/2015,1.5,60.14,58.64,
QSG08-530,5/21/2015,1.5,60.09,58.59,
QSG08-530,6/4/2015,1.5,60.07,58.57,
QSG08-530,7/19/2015,1.5,59.96,58.46,
QSG08-530,8/12/2015,1.5,60.03,58.53,
QSG08-530,9/3/2015,1.5,60.02,58.52,
QSG08-530,10/22/2015,1.5,59.99,58.49,
QSG08-530,11/19/2015,1.5,59.98,58.48,
QSG08-530,11/30/2015,1.5,59.69,58.19,
QSG08-530,1/5/2016,1.5,59.95,58.45,
QSG08-530,2/23/2016,1.5,59.91,58.41,
QSG08-530,3/3/2016,1.5,59.9,58.4,
QSG08-530,4/6/2016,1.5,59.83,58.33,
QSG08-530,5/10/2016,1.5,59.89,58.39,
Loreto 3,1/1/2008,0.25,29.05,28.8,
Loreto 3,2/1/2008,0.25,29.04,28.79,
Loreto 3,3/1/2008,0.25,29.05,28.8,
Loreto 3,4/1/2008,0.25,29.05,28.8,
Loreto 3,5/1/2008,0.25,29.06,28.81,
Loreto 3,6/1/2008,0.25,29.07,28.82,
Loreto 3,7/1/2008,0.25,29.07,28.82,
Loreto 3,8/1/2008,0.25,29.05,28.8,
Loreto 3,9/1/2008,0.25,29.06,28.81,
Loreto 3,10/1/2008,0.25,29.03,28.78,
Loreto 3,11/1/2008,0.25,29.02,28.77,
Loreto 3,12/1/2008,0.25,29.08,28.83,
Loreto 3,1/1/2009,0.25,29.07,28.82,
Loreto 3,2/1/2009,0.25,29.09,28.84,
Loreto 3,3/1/2009,0.25,29.09,28.84,
Loreto 3,4/1/2009,0.25,29.09,28.84,
Loreto 3,5/1/2009,0.25,29.11,28.86,
Loreto 3,6/1/2009,0.25,29.11,28.86,
Loreto 3,7/1/2009,0.25,29.11,28.86,
Loreto 3,8/1/2009,0.25,29.13,28.88,
Loreto 3,9/1/2009,0.25,29.11,28.86,
Loreto 3,10/1/2009,0.25,29.11,28.86,
Loreto 3,11/1/2009,0.25,29.14,28.89,
Loreto 3,12/1/2009,0.25,29.13,28.88,
Loreto 3,1/1/2010,0.25,29.13,28.88,
Loreto 3,2/1/2010,0.25,29.15,28.9,
Loreto 3,3/1/2010,0.25,29.15,28.9,
Loreto 3,4/1/2010,0.25,29.15,28.9,
Loreto 3,5/1/2010,0.25,29.09,28.84,
Loreto 3,6/1/2010,0.25,29.09,28.84,
Loreto 3,7/1/2010,0.25,29.14,28.89,
Loreto 3,8/1/2010,0.25,29.15,28.9,
Loreto 3,9/1/2010,0.25,29.16,28.91,
Loreto 3,10/1/2010,0.25,29.17,28.92,
Loreto 3,11/1/2010,0.25,29.17,28.92,
Loreto 3,12/1/2010,0.25,29.17,28.92,
Loreto 3,1/1/2011,0.25,29.17,28.92,
Loreto 3,2/1/2011,0.25,29.17,28.92,
Loreto 3,3/1/2011,0.25,29.18,28.93,
Loreto 3,4/1/2011,0.25,29.18,28.93,
Loreto 3,5/1/2011,0.25,29.18,28.93,
Loreto 3,6/1/2011,0.25,29.19,28.94,
Loreto 3,7/1/2011,0.25,29.19,28.94,
Loreto 3,8/1/2011,0.25,29.19,28.94,
Loreto 3,9/1/2011,0.25,29.2,28.95,
Loreto 3,10/1/2011,0.25,29.24,28.99,
Loreto 3,11/1/2011,0.25,29.19,28.94,
Loreto 3,12/1/2011,0.25,29.21,28.96,
Loreto 3,3/23/2012,0.25,29.25,29,
Loreto 3,4/19/2012,0.25,29.28,29.03,
Loreto 3,6/4/2012,0.25,29.25,29,
Loreto 3,6/28/2012,0.25,29.25,29,
Loreto 3,7/30/2012,0.25,29.28,29.03,
Loreto 3,8/31/2012,0.25,29.26,29.01,
Loreto 3,9/27/2012,0.25,29.2,28.95,
Loreto 3,10/17/2012,0.25,29.29,29.04,
Loreto 3,11/20/2012,0.25,29.28,29.03,
Loreto 3,12/16/2012,0.25,29.35,29.1,
Loreto 3,6/12/2013,0.25,29.29,29.04,
Loreto 3,6/23/2013,0.25,29.29,29.04,
Loreto 3,7/12/2013,0.25,29.29,29.04,
Loreto 3,8/11/2013,0.25,29.3,29.05,
Loreto 3,9/1/2013,0.25,29.31,29.06,
Loreto 3,10/22/2013,0.25,29.31,29.06,
Loreto 3,11/22/2013,0.25,29.31,29.06,
Loreto 3,12/22/2013,0.25,29.26,29.01,
Loreto 3,1/20/2014,0.25,29.27,29.02,
Loreto 3,2/20/2014,0.25,29.31,29.06,
Loreto 3,3/20/2014,,,,
Loreto 3,4/25/2014,0.25,29.34,29.09,
Loreto 3,5/24/2014,0.25,29.34,29.09,
Loreto 3,6/22/2014,0.25,29.34,29.09,
Loreto 3,7/28/2014,0.25,29.35,29.1,
Loreto 3,8/24/2014,0.25,29.36,29.11,
Loreto 3,9/28/2014,0.25,29.36,29.11,
Loreto 3,12/12/2014,0.25,29.33,29.08,
Loreto 3,1/12/2015,0.25,29.34,29.09,
Loreto 3,2/12/2015,0.25,29.34,29.09,
Loreto 3,3/3/2015,0.25,29.33,29.08,
Loreto 3,4/3/2015,0.25,29.36,29.11,
Loreto 3,5/21/2015,0.25,29.35,29.1,
Loreto 3,6/2/2015,0.25,29.34,29.09,
Loreto 3,7/19/2015,0.24,29.32,29.08,
Loreto 3,8/12/2015,0.24,29.39,29.15,
Loreto 3,9/3/2015,0.24,29.39,29.15,
Loreto 3,10/21/2015,0.24,29.39,29.15,
Loreto 3,11/18/2015,0.24,29.38,29.14,
Loreto 3,11/30/2015,0.24,29.37,29.13,
Loreto 3,1/5/2016,0.24,29.39,29.15,
Loreto 3,2/23/2016,0.24,29.37,29.13,
Loreto 3,3/4/2016,0.24,29.37,29.13,
Loreto 3,4/6/2016,0.24,29.34,29.1,
Loreto 3,5/10/2016,0.24,29.39,29.15,
Loreto 4,1/1/2008,0.1,28.82,28.72,
Loreto 4,2/1/2008,0.1,28.83,28.73,
Loreto 4,3/1/2008,0.1,28.86,28.76,
Loreto 4,4/1/2008,0.1,28.88,28.78,
Loreto 4,5/1/2008,0.1,28.9,28.8,
Loreto 4,6/1/2008,0.1,28.92,28.82,
Loreto 4,7/1/2008,0.1,28.93,28.83,
Loreto 4,8/1/2008,0.1,28.94,28.84,
Loreto 4,9/1/2008,0.1,28.96,28.86,
Loreto 4,10/1/2008,0.1,28.94,28.84,
Loreto 4,11/1/2008,0.1,29,28.9,
Loreto 4,12/1/2008,0.1,29.02,28.92,
Loreto 4,1/1/2009,0.1,29.02,28.92,
Loreto 4,2/1/2009,0.1,29.04,28.94,
Loreto 4,3/1/2009,0.1,29.05,28.95,
Loreto 4,4/1/2009,0.1,29.08,28.98,
Loreto 4,5/1/2009,0.1,29.09,28.99,
Loreto 4,6/1/2009,0.1,29.1,29,
Loreto 4,7/1/2009,0.1,29.11,29.01,
Loreto 4,8/1/2009,0.1,29.13,29.03,
Loreto 4,9/1/2009,0.1,29.14,29.04,
Loreto 4,10/1/2009,0.1,29.15,29.05,
Loreto 4,11/1/2009,0.1,29.16,29.06,
Loreto 4,12/1/2009,0.1,29.18,29.08,
Loreto 4,1/1/2010,0.1,29.2,29.1,
Loreto 4,2/1/2010,0.1,29.22,29.12,
Loreto 4,3/1/2010,0.1,29.23,29.13,
Loreto 4,4/1/2010,0.1,29.23,29.13,
Loreto 4,5/1/2010,0.1,29.19,29.09,
Loreto 4,6/1/2010,0.1,29.21,29.11,
Loreto 4,7/1/2010,0.1,29.27,29.17,
Loreto 4,8/1/2010,0.1,29.28,29.18,
Loreto 4,9/1/2010,0.1,29.29,29.19,
Loreto 4,10/1/2010,0.1,29.32,29.22,
Loreto 4,11/1/2010,0.1,29.32,29.22,
Loreto 4,12/1/2010,0.1,29.33,29.23,
Loreto 4,1/1/2011,0.1,29.33,29.23,
Loreto 4,2/1/2011,0.1,29.36,29.26,
Loreto 4,3/1/2011,0.1,29.38,29.28,
Loreto 4,4/1/2011,0.1,29.39,29.29,
Loreto 4,5/1/2011,0.1,29.4,29.3,
Loreto 4,6/1/2011,0.1,29.41,29.31,
Loreto 4,7/1/2011,0.1,29.41,29.31,
Loreto 4,8/1/2011,0.1,29.44,29.34,
Loreto 4,9/1/2011,0.1,29.45,29.35,
Loreto 4,10/1/2011,0.1,29.45,29.35,
Loreto 4,11/1/2011,0.1,29.45,29.35,
Loreto 4,12/1/2011,0.1,29.47,29.37,
Loreto 4,3/23/2012,0.1,34.13,34.03,
Loreto 4,4/19/2012,0.1,34.14,34.04,
Loreto 4,6/4/2012,0.1,34.12,34.02,
Loreto 4,6/28/2012,0.1,29.54,29.44,
Loreto 4,7/26/2012,0.1,29.54,29.44,
Loreto 4,8/31/2012,0.1,29.54,29.44,
Loreto 4,9/27/2012,0.1,29.47,29.37,
Loreto 4,10/17/2012,0.1,29.56,29.46,
Loreto 4,11/20/2012,0.1,29.55,29.45,
Loreto 4,12/16/2012,0.1,29.65,29.55,
Loreto 4,6/12/2013,0.1,29.51,29.41,
Loreto 4,6/23/2013,0.1,29.51,29.41,
Loreto 4,7/12/2013,0.1,29.5,29.4,
Loreto 4,8/11/2013,0.1,29.51,29.41,
Loreto 4,9/1/2013,0.1,29.51,29.41,
Loreto 4,10/22/2013,0.1,29.51,29.41,
Loreto 4,11/22/2013,0.1,29.5,29.4,
Loreto 4,12/22/2013,0.1,29.45,29.35,
Loreto 4,1/20/2014,0.1,29.47,29.37,
Loreto 4,2/25/2014,0.1,29.51,29.41,
Loreto 4,3/28/2014,0.1,29.48,29.38,
Loreto 4,4/25/2014,0.1,29.49,29.39,
Loreto 4,5/24/2014,0.1,29.48,29.38,
Loreto 4,6/22/2014,0.1,29.48,29.38,
Loreto 4,7/28/2014,0.1,29.47,29.37,
Loreto 4,8/24/2014,0.1,29.47,29.37,
Loreto 4,9/28/2014,0.1,29.47,29.37,
Loreto 4,12/8/2014,0.1,29.47,29.37,
Loreto 4,1/8/2015,0.1,29.43,29.33,
Loreto 4,2/8/2015,0.1,29.44,29.34,
Loreto 4,3/3/2015,0.1,29.44,29.34,
Loreto 4,4/3/2015,0.1,29.46,29.36,
Loreto 4,5/21/2015,0.1,29.44,29.34,
Loreto 4,6/4/2015,0.1,29.48,29.38,
Loreto 4,7/19/2015,0.1,29.43,29.33,
Loreto 4,8/12/2015,0.1,29.46,29.36,
Loreto 4,9/3/2015,0.1,29.47,29.37,
Loreto 4,10/22/2015,0.1,29.47,29.37,
Loreto 4,11/18/2015,0.1,29.48,29.38,
Loreto 4,11/30/2015,0.1,29.47,29.37,
Loreto 4,1/5/2016,0.1,29.49,29.39,
Loreto 4,2/23/2016,0.1,29.47,29.37,
Loreto 4,3/4/2016,0.1,29.48,29.38,
Loreto 4,4/6/2016,0.1,29.49,29.39,
Loreto 4,5/10/2016,0.1,29.51,29.41,
KP-DH10-33,8/5/2010,0,54.6,54.6,
KP-DH10-33,9/4/2010,0.5,54.96,54.46,
KP-DH10-33,11/4/2010,0.5,54.9,54.4,
KP-DH10-33,12/4/2010,0.5,54.91,54.41,
KP-DH10-33,1/23/2011,0.5,54.88,54.38,
KP-DH10-33,2/5/2011,0.5,54.89,54.39,
KP-DH10-33,2/28/2011,0.5,54.84,54.34,
KP-DH10-33,3/31/2011,0.5,54.85,54.35,
KP-DH10-33,5/14/2011,0.5,54.84,54.34,
KP-DH10-33,7/12/2011,0.5,54.87,54.37,
KP-DH10-33,8/12/2011,0.5,54.85,54.35,
KP-DH10-33,9/12/2011,0.5,54.85,54.35,
KP-DH10-33,10/12/2011,0.5,54.82,54.32,
KP-DH10-33,11/14/2011,0.5,54.83,54.33,
KP-DH10-33,12/19/2011,0.5,54.83,54.33,
KP-DH10-33,1/12/2012,0.5,54.84,54.34,
KP-DH10-33,2/13/2012,0.5,54.88,54.38,
KP-DH10-33,3/22/2012,0.5,54.9,54.4,
KP-DH10-33,4/12/2012,0.5,54.94,54.44,
KP-DH10-33,4/19/2012,0.5,54.94,54.44,
KP-DH10-33,5/12/2012,0.5,54.92,54.42,
KP-DH10-33,6/1/2012,0.5,54.92,54.42,
KP-DH10-33,6/12/2012,0.5,55.01,54.51,
KP-DH10-33,6/28/2012,0.5,55.01,54.51,
KP-DH10-33,7/29/2012,0.5,55.04,54.54,
KP-DH10-33,8/29/2012,0.5,55.04,54.54,
KP-DH10-33,9/27/2012,0.5,55,54.5,
KP-DH10-33,10/17/2012,0.5,55.06,54.56,
KP-DH10-33,11/20/2012,0.5,55.02,54.52,
KP-DH10-33,12/14/2012,0.5,55.01,54.51,
KP-DH10-33,4/12/2013,0.5,55,54.5,
KP-DH10-33,5/12/2013,0.5,55.02,54.52,
KP-DH10-33,2/24/2014,0.5,54.94,54.44,
KP-DH10-33,3/29/2014,0.5,54.92,54.42,
KP-DH10-33,4/23/2014,0.5,54.96,54.46,
KP-DH10-33,5/23/2014,0.5,54.94,54.44,
KP-DH10-33,6/20/2014,0.5,54.94,54.44,
KP-DH10-33,7/28/2014,0.5,54.94,54.44,
KP-DH10-33,8/24/2014,0.5,54.94,54.44,
KP-DH10-33,9/27/2014,0.5,54.93,54.43,
KP-DH10-33,12/13/2014,0.5,54.92,54.42,
KP-DH10-33,1/13/2015,0.5,54.92,54.42,
KP-DH10-33,2/13/2015,0.5,54.93,54.43,
KP-DH10-33,3/4/2015,0.5,54.91,54.41,
KP-DH10-33,4/4/2015,0.5,54.94,54.44,
KP-DH10-33,5/20/2015,0.5,54.9,54.4,
KP-DH10-33,6/3/2015,0.5,54.9,54.4,
KP-DH10-33,7/20/2015,0.5,54.89,54.39,
KP-DH10-33,8/12/2015,0.5,54.92,54.42,
KP-DH10-33,9/1/2015,0.5,54.9,54.4,
KP-DH10-33,10/21/2015,0.5,54.9,54.4,
KP-DH10-33,11/18/2015,0.5,54.89,54.39,
KP-DH10-33,12/3/2015,0.5,54.89,54.39,
KP-DH10-33,1/4/2016,0.5,54.87,54.37,
KP-DH10-33,2/23/2016,,,,
KP-DH10-33,3/8/2016,0.5,54.85,54.35,
KP-DH10-33,4/9/2016,0.5,58.26,57.76,
KP-DH10-33,5/12/2016,0.5,58.39,57.89,
QSG09-602,12/15/2009,1.14,200,198.86,
QSG09-602,1/19/2010,1.14,114.01,112.87,
QSG09-602,9/4/2010,1.14,28.56,27.42,
QSG09-602,11/4/2010,1.14,28.48,27.34,
QSG09-602,12/4/2010,1.14,28.45,27.31,
QSG09-602,1/23/2011,1.14,28.45,27.31,
QSG09-602,2/5/2011,1.14,28.42,27.28,
QSG09-602,2/28/2011,1.14,28.4,27.26,
QSG09-602,3/31/2011,1.14,28.38,27.24,
QSG09-602,7/12/2011,1.14,28.38,27.24,
QSG09-602,8/12/2011,1.14,28.37,27.23,
QSG09-602,9/12/2011,1.14,28.34,27.2,
QSG09-602,10/12/2011,1.14,28.33,27.19,
QSG09-602,11/7/2011,1.14,28.33,27.19,
QSG09-602,12/21/2011,1.14,28.35,27.21,
QSG09-602,1/12/2012,1.14,28.37,27.23,
QSG09-602,2/11/2012,1.14,28.39,27.25,
QSG09-602,3/22/2012,1.14,28.36,27.22,
QSG09-602,4/12/2012,1.14,28.36,27.22,
QSG09-602,4/16/2012,1.14,28.36,27.22,
QSG09-602,5/12/2012,1.14,28.36,27.22,
QSG09-602,6/4/2012,1.14,28.36,27.22,
QSG09-602,6/12/2012,1.14,28.36,27.22,
QSG09-602,6/30/2012,1.14,28.36,27.22,
QSG09-602,7/30/2012,1.14,28.35,27.21,
QSG09-602,8/28/2012,1.14,28.35,27.21,
QSG09-602,9/27/2012,1.14,28.29,27.15,
QSG09-602,10/17/2012,1.14,28.36,27.22,
QSG09-602,11/20/2012,1.14,28.38,27.24,
QSG09-602,12/14/2012,1.14,28.38,27.24,
QSG09-602,4/10/2013,1.14,28.35,27.21,
QSG09-602,5/25/2013,1.14,28.39,27.25,
QSG09-602,6/23/2013,1.14,28.38,27.24,
QSG09-602,3/28/2014,1.12,28.39,27.27,
QSG09-602,4/25/2014,1.12,27.67,26.55,
QSG09-602,5/24/2014,1.12,27.73,26.61,
QSG09-602,6/22/2014,1.12,27.76,26.64,
QSG09-602,7/28/2014,1.12,27.81,26.69,
QSG09-602,8/24/2014,1.12,27.85,26.73,
QSG09-602,9/27/2014,1.12,27.87,26.75,
QSG09-602,12/8/2014,1.12,27.92,26.8,
QSG09-602,1/8/2015,1.12,27.98,26.86,
QSG09-602,2/8/2015,1.12,28.01,26.89,
QSG09-602,3/3/2015,1.12,27.84,26.72,
QSG09-602,4/3/2015,1.12,27.91,26.79,
QSG09-602,5/21/2015,1.12,28.06,26.94,
QSG09-602,6/2/2015,1.12,28.07,26.95,
QSG09-602,7/19/2015,1.18,27.88,26.7,
QSG09-602,8/12/2015,1.18,27.93,26.75,
Pozo monitoreo 1,3/18/2015,0,23.28,23.28,
Pozo monitoreo 1,3/26/2015,0,22.32,22.32,
Pozo monitoreo 1,3/31/2015,0,20.79,20.79,
Pozo monitoreo 1,4/2/2015,0,21.65,21.65,
Pozo monitoreo 1,4/6/2015,0,21.17,21.17,
Pozo monitoreo 1,4/9/2015,0,20.8,20.8,
Pozo monitoreo 1,4/13/2015,0,20.53,20.53,
Pozo monitoreo 1,4/20/2015,0,19.99,19.99,
Pozo monitoreo 1,4/23/2015,0,19.27,19.27,
Pozo monitoreo 1,4/27/2015,0,14.84,14.84,
Pozo monitoreo 1,4/28/2015,0,14.25,14.25,
Pozo monitoreo 1,4/29/2015,0,13.89,13.89,
Pozo monitoreo 1,4/30/2015,0,13.53,13.53,
Pozo monitoreo 1,5/4/2015,0,12.39,12.39,
Pozo monitoreo 1,5/5/2015,0,12.16,12.16,
Pozo monitoreo 1,5/6/2015,0,11.78,11.78,
Pozo monitoreo 1,5/7/2015,0,11.11,11.11,
Pozo monitoreo 1,5/11/2015,0,10.83,10.83,
Pozo monitoreo 1,5/13/2015,0,10.53,10.53,
Pozo monitoreo 1,5/15/2015,0,10.23,10.23,
Pozo monitoreo 1,5/18/2015,0,9.96,9.96,
Pozo monitoreo 1,5/20/2015,0,10.72,10.72,
Pozo monitoreo 1,5/22/2015,0,9.82,9.82,
Pozo monitoreo 1,5/25/2015,0,8.75,8.75,
Pozo monitoreo 1,5/27/2015,0,8.67,8.67,
Pozo monitoreo 1,5/30/2015,0,8.43,8.43,
Pozo monitoreo 1,6/1/2015,0,8.1,8.1,
Pozo monitoreo 1,6/3/2015,0,7.88,7.88,
Pozo monitoreo 1,6/5/2015,0,7.62,7.62,
Pozo monitoreo 1,6/7/2015,0,7.51,7.51,
Pozo monitoreo 1,6/9/2015,0,7.39,7.39,
Pozo monitoreo 1,6/10/2015,0,7.29,7.29,
Pozo monitoreo 1,6/15/2015,0,7.17,7.17,
Pozo monitoreo 1,6/17/2015,0,7.13,7.13,
Pozo monitoreo 1,6/20/2015,0,7.06,7.06,
Pozo monitoreo 1,6/22/2015,0,6.95,6.95,
Pozo monitoreo 1,6/24/2015,0,6.95,6.95,
Pozo monitoreo 1,6/26/2015,0,6.85,6.85,
Pozo monitoreo 1,6/30/2015,0,6.78,6.78,
Pozo monitoreo 1,7/1/2015,0,6.79,6.79,
Pozo monitoreo 1,7/2/2015,0,6.76,6.76,
Pozo monitoreo 1,7/6/2015,0,6.64,6.64,
Pozo monitoreo 1,7/8/2015,0,6.56,6.56,
Pozo monitoreo 1,7/13/2015,0,6.4,6.4,
Pozo monitoreo 1,7/15/2015,0,6.35,6.35,
Pozo monitoreo 1,7/17/2015,0,6.27,6.27,
Pozo monitoreo 1,7/19/2015,0,6.25,6.25,
Pozo monitoreo 1,7/20/2015,0,6.16,6.16,
Pozo monitoreo 1,7/22/2015,0,6.19,6.19,
Pozo monitoreo 1,7/27/2015,0,6.03,6.03,
Pozo monitoreo 1,7/29/2015,0,5.92,5.92,
Pozo monitoreo 1,7/31/2015,0,4.58,4.58,
Pozo monitoreo 1,8/3/2015,0,5.83,5.83,
Pozo monitoreo 1,8/5/2015,0,5.78,5.78,
Pozo monitoreo 1,8/10/2015,0,5.63,5.63,
Pozo monitoreo 1,8/12/2015,0,5.58,5.58,
Pozo monitoreo 1,8/31/2015,0,6.1,6.1,
Pozo monitoreo 1,9/1/2015,0,6.13,6.13,
Pozo monitoreo 1,9/2/2015,0,6.05,6.05,
Pozo monitoreo 1,9/7/2015,0,5.8,5.8,
Pozo monitoreo 1,9/9/2015,0,5.92,5.92,
Pozo monitoreo 1,9/11/2015,0,5.85,5.85,
Pozo monitoreo 1,9/21/2015,0,5.36,5.36,
Pozo monitoreo 1,9/24/2015,0,5.3,5.3,
Pozo monitoreo 1,9/25/2015,0,5.28,5.28,
Pozo monitoreo 1,9/28/2015,0,5.51,5.51,
Pozo monitoreo 1,9/30/2015,0,4.98,4.98,
Pozo monitoreo 1,10/2/2015,0,4.22,4.22,
Pozo monitoreo 1,10/4/2015,0,4.48,4.48,
Pozo monitoreo 1,10/9/2015,0,4.32,4.32,
Pozo monitoreo 1,10/12/2015,0,4.85,4.85,
Pozo monitoreo 1,10/16/2015,0,5,5,
Pozo monitoreo 1,10/18/2015,0,4.97,4.97,
Pozo monitoreo 1,10/21/2015,0,4.8,4.8,
Pozo monitoreo 1,10/24/2015,0,4.82,4.82,
Pozo monitoreo 1,10/26/2015,0,4.78,4.78,
Pozo monitoreo 1,10/29/2015,0,4.72,4.72,
Pozo monitoreo 1,10/30/2015,0,4.71,4.71,
Pozo monitoreo 1,10/31/2015,0,4.71,4.71,
Pozo monitoreo 1,11/2/2015,0,4.65,4.65,
Pozo monitoreo 1,11/5/2015,0,4.54,4.54,
Pozo monitoreo 1,11/7/2015,0,4.38,4.38,
Pozo monitoreo 1,11/8/2015,0,4.39,4.39,
Pozo monitoreo 1,11/10/2015,0,4.46,4.46,
Pozo monitoreo 1,11/11/2015,0,4.43,4.43,
Pozo monitoreo 1,11/12/2015,0,4.42,4.42,
Pozo monitoreo 1,11/15/2015,0,4.36,4.36,
Pozo monitoreo 1,11/19/2015,0,4.21,4.21,
Pozo monitoreo 1,11/21/2015,0,4.24,4.24,
Pozo monitoreo 1,11/24/2015,0,4.28,4.28,
Pozo monitoreo 1,11/26/2015,0,4.11,4.11,
Pozo monitoreo 1,12/2/2015,0,4.25,4.25,
Pozo monitoreo 1,12/8/2015,0,4.11,4.11,
Pozo monitoreo 1,12/13/2015,0,3.79,3.79,
Pozo monitoreo 1,12/16/2015,0,3.8,3.8,
Pozo monitoreo 1,12/18/2015,0,3.76,3.76,
Pozo monitoreo 1,12/21/2015,0,3.72,3.72,
Pozo monitoreo 1,12/27/2015,0,3.67,3.67,
Pozo monitoreo 1,1/1/2016,0,3.79,3.79,
Pozo monitoreo 1,1/4/2016,0,3.7,3.7,
Pozo monitoreo 1,1/15/2016,0,3.51,3.51,
Pozo monitoreo 1,1/17/2016,0,3.49,3.49,
Pozo monitoreo 1,1/19/2016,0,3.52,3.52,
Pozo monitoreo 1,1/21/2016,0,3.55,3.55,
Pozo monitoreo 1,1/24/2016,0,3.6,3.6,
Pozo monitoreo 1,1/27/2016,0,3.62,3.62,
Pozo monitoreo 1,2/1/2016,0,3.6,3.6,
Pozo monitoreo 1,2/5/2016,0,3.55,3.55,
Pozo monitoreo 1,2/8/2016,0,3.42,3.42,
Pozo monitoreo 1,2/11/2016,0,3.36,3.36,
Pozo monitoreo 1,2/15/2016,0,3.32,3.32,
Pozo monitoreo 1,2/17/2016,0,3.3,3.3,
Pozo monitoreo 1,2/21/2016,0,3.25,3.25,
Pozo monitoreo 1,2/24/2016,0,3.26,3.26,
Pozo monitoreo 1,2/27/2016,0,3.24,3.24,
Pozo monitoreo 1,3/1/2016,0,3.25,3.25,
Pozo monitoreo 1,3/4/2016,0,3.25,3.25,
Pozo monitoreo 1,3/7/2016,0,3.23,3.23,
Pozo monitoreo 1,3/9/2016,0,3.14,3.14,
Pozo monitoreo 1,4/7/2016,0.99,2.99,2,
Pozo monitoreo 1,5/13/2016,0.99,6.29,5.3,
Pozo monitoreo 2,3/18/2015,0,,,seco
Pozo monitoreo 2,3/26/2015,0,,,seco
Pozo monitoreo 2,3/31/2015,0,,,seco
Pozo monitoreo 2,4/2/2015,0,,,seco
Pozo monitoreo 2,4/6/2015,0,,,seco
Pozo monitoreo 2,4/9/2015,0,,,seco
Pozo monitoreo 2,4/13/2015,0,,,seco
Pozo monitoreo 2,4/20/2015,0,,,seco
Pozo monitoreo 2,4/23/2015,0,,,seco
Pozo monitoreo 2,4/27/2015,0,,,seco
Pozo monitoreo 2,4/28/2015,0,,,seco
Pozo monitoreo 2,4/29/2015,0,,,seco
Pozo monitoreo 2,4/30/2015,0,,,seco
Pozo monitoreo 2,5/4/2015,0,,,seco
Pozo monitoreo 2,5/5/2015,0,,,seco
Pozo monitoreo 2,5/6/2015,0,,,seco
Pozo monitoreo 2,5/7/2015,0,,,seco
Pozo monitoreo 2,5/11/2015,0,,,seco
Pozo monitoreo 2,5/13/2015,0,,,seco
Pozo monitoreo 2,5/15/2015,0,,,seco
Pozo monitoreo 2,5/18/2015,0,,,seco
Pozo monitoreo 2,5/20/2015,0,,,seco
Pozo monitoreo 2,5/22/2015,0,,,seco
Pozo monitoreo 2,5/25/2015,0,,,seco
Pozo monitoreo 2,5/27/2015,0,,,seco
Pozo monitoreo 2,5/30/2015,0,,,seco
Pozo monitoreo 2,6/1/2015,0,,,seco
Pozo monitoreo 2,6/3/2015,0,,,seco
Pozo monitoreo 2,6/5/2015,0,,,seco
Pozo monitoreo 2,6/7/2015,0,,,seco
Pozo monitoreo 2,6/9/2015,0,,,seco
Pozo monitoreo 2,6/10/2015,0,,,seco
Pozo monitoreo 2,6/15/2015,0,,,seco
Pozo monitoreo 2,6/17/2015,0,,,seco
Pozo monitoreo 2,6/20/2015,0,,,seco
Pozo monitoreo 2,6/22/2015,0,,,seco
Pozo monitoreo 2,6/24/2015,0,,,seco
Pozo monitoreo 2,6/26/2015,0,,,seco
Pozo monitoreo 2,6/30/2015,0,,,seco
Pozo monitoreo 2,7/1/2015,0,,,seco
Pozo monitoreo 2,7/2/2015,0,,,seco
Pozo monitoreo 2,7/6/2015,0,,,seco
Pozo monitoreo 2,7/8/2015,0,,,seco
Pozo monitoreo 2,7/13/2015,0,,,seco
Pozo monitoreo 2,7/15/2015,0,,,seco
Pozo monitoreo 2,7/17/2015,0,67.45,67.45,
Pozo monitoreo 2,7/19/2015,0,67.39,67.39,
Pozo monitoreo 2,7/20/2015,0,67.36,67.36,
Pozo monitoreo 2,7/22/2015,0,67.29,67.29,
Pozo monitoreo 2,7/27/2015,0,67.11,67.11,
Pozo monitoreo 2,7/29/2015,0,67.06,67.06,
Pozo monitoreo 2,7/31/2015,0,66.99,66.99,
Pozo monitoreo 2,8/3/2015,0,66.91,66.91,
Pozo monitoreo 2,8/5/2015,0,66.84,66.84,
Pozo monitoreo 2,8/10/2015,0,66.63,66.63,
Pozo monitoreo 2,8/12/2015,0,66.61,66.61,
Pozo monitoreo 2,8/31/2015,0,59.3,59.3,
Pozo monitoreo 2,9/1/2015,0,60.12,60.12,
Pozo monitoreo 2,9/2/2015,0,63.05,63.05,
Pozo monitoreo 2,9/7/2015,0,64.86,64.86,
Pozo monitoreo 2,9/9/2015,0,66.7,66.7,
Pozo monitoreo 2,9/11/2015,0,66.89,66.89,
Pozo monitoreo 2,9/21/2015,0,61.83,61.83,
Pozo monitoreo 2,9/24/2015,0,66.21,66.21,
Pozo monitoreo 2,9/25/2015,0,66.28,66.28,
Pozo monitoreo 2,9/28/2015,0,66.43,66.43,
Pozo monitoreo 2,9/30/2015,0,65,65,
Pozo monitoreo 2,10/2/2015,0,65,65,
Pozo monitoreo 2,10/4/2015,0,64.96,64.96,
Pozo monitoreo 2,10/9/2015,0,64.81,64.81,
Pozo monitoreo 2,10/12/2015,0,65.57,65.57,
Pozo monitoreo 2,10/16/2015,0,65.35,65.35,
Pozo monitoreo 2,10/18/2015,0,65.3,65.3,
Pozo monitoreo 2,10/21/2015,0,65.3,65.3,
Pozo monitoreo 2,10/24/2015,0,65.93,65.93,
Pozo monitoreo 2,10/26/2015,0,65.33,65.33,
Pozo monitoreo 2,10/29/2015,0,64.95,64.95,
Pozo monitoreo 2,10/30/2015,0,64.95,64.95,
Pozo monitoreo 2,10/31/2015,0,64.95,64.95,
Pozo monitoreo 2,11/2/2015,0,64.8,64.8,
Pozo monitoreo 2,11/5/2015,0,64.8,64.8,
Pozo monitoreo 2,11/7/2015,0,64.68,64.68,
Pozo monitoreo 2,11/8/2015,0,64.7,64.7,
Pozo monitoreo 2,11/10/2015,0,64.65,64.65,
Pozo monitoreo 2,11/11/2015,0,64.63,64.63,
Pozo monitoreo 2,11/12/2015,0,64.58,64.58,
Pozo monitoreo 2,11/15/2015,0,64.55,64.55,
Pozo monitoreo 2,11/19/2015,0,64.33,64.33,
Pozo monitoreo 2,11/21/2015,0,64.65,64.65,
Pozo monitoreo 2,11/24/2015,0,64.67,64.67,
Pozo monitoreo 2,11/26/2015,0,61.85,61.85,
Pozo monitoreo 2,12/2/2015,0,63.99,63.99,
Pozo monitoreo 2,12/8/2015,0,63.79,63.79,
Pozo monitoreo 2,12/13/2015,0,63.7,63.7,
Pozo monitoreo 2,12/16/2015,0,63.48,63.48,
Pozo monitoreo 2,12/18/2015,0,63.49,63.49,
Pozo monitoreo 2,12/21/2015,0,63.47,63.47,
Pozo monitoreo 2,12/27/2015,0,63.36,63.36,
Pozo monitoreo 2,1/1/2016,0,63.19,63.19,
Pozo monitoreo 2,1/4/2016,0,63.08,63.08,
Pozo monitoreo 2,1/15/2016,0,62.95,62.95,
Pozo monitoreo 2,1/17/2016,0,62.71,62.71,
Pozo monitoreo 2,1/19/2016,0,62.85,62.85,
Pozo monitoreo 2,1/21/2016,0,62.92,62.92,
Pozo monitoreo 2,1/24/2016,0,62.92,62.92,
Pozo monitoreo 2,1/27/2016,0,63.02,63.02,
Pozo monitoreo 2,2/1/2016,0,62.78,62.78,
Pozo monitoreo 2,2/5/2016,0,62.55,62.55,
Pozo monitoreo 2,2/8/2016,0,62.33,62.33,
Pozo monitoreo 2,2/11/2016,0,62.25,62.25,
Pozo monitoreo 2,2/15/2016,0,62.05,62.05,
Pozo monitoreo 2,2/17/2016,0,61.92,61.92,
Pozo monitoreo 2,2/21/2016,0,61.8,61.8,
Pozo monitoreo 2,2/24/2016,0,61.83,61.83,
Pozo monitoreo 2,2/27/2016,0,61.84,61.84,
Pozo monitoreo 2,3/1/2016,0,61.82,61.82,
Pozo monitoreo 2,3/4/2016,0,61.83,61.83,
Pozo monitoreo 2,3/7/2016,0,61.8,61.8,
Pozo monitoreo 2,3/9/2016,0,61.8,61.8,
Pozo monitoreo 2,4/7/2016,1.02,64.23,63.21,
Pozo monitoreo 2,5/13/2016,1.02,63.3,62.28,
Casagrande Muro 3 Sur,3/18/2015,0,15.03,15.03,
Casagrande Muro 3 Sur,3/26/2015,0,14.81,14.81,
Casagrande Muro 3 Sur,3/31/2015,0,14.68,14.68,
Casagrande Muro 3 Sur,4/2/2015,0,14.64,14.64,
Casagrande Muro 3 Sur,4/6/2015,0,14.49,14.49,
Casagrande Muro 3 Sur,4/9/2015,0,14.45,14.45,
Casagrande Muro 3 Sur,4/13/2015,0,14.38,14.38,
Casagrande Muro 3 Sur,4/20/2015,0,14.16,14.16,
Casagrande Muro 3 Sur,4/23/2015,0,14.1,14.1,
Casagrande Muro 3 Sur,4/27/2015,0,13.96,13.96,
Casagrande Muro 3 Sur,4/28/2015,0,13.77,13.77,
Casagrande Muro 3 Sur,4/29/2015,0,13.65,13.65,
Casagrande Muro 3 Sur,4/30/2015,0,13.51,13.51,
Casagrande Muro 3 Sur,5/4/2015,0,13.16,13.16,
Casagrande Muro 3 Sur,5/5/2015,0,13.11,13.11,
Casagrande Muro 3 Sur,5/6/2015,0,13.05,13.05,
Casagrande Muro 3 Sur,5/7/2015,0,13.02,13.02,
Casagrande Muro 3 Sur,5/11/2015,0,12.86,12.86,
Casagrande Muro 3 Sur,5/13/2015,0,12.82,12.82,
Casagrande Muro 3 Sur,5/15/2015,0,12.79,12.79,
Casagrande Muro 3 Sur,5/18/2015,0,12.66,12.66,
Casagrande Muro 3 Sur,5/20/2015,0,12.07,12.07,
Casagrande Muro 3 Sur,5/22/2015,0,12.57,12.57,
Casagrande Muro 3 Sur,5/25/2015,0,12.41,12.41,
Casagrande Muro 3 Sur,5/27/2015,0,12.31,12.31,
Casagrande Muro 3 Sur,5/30/2015,0,12.28,12.28,
Casagrande Muro 3 Sur,6/1/2015,0,12.2,12.2,
Casagrande Muro 3 Sur,6/3/2015,0,12.09,12.09,
Casagrande Muro 3 Sur,6/5/2015,0,12.33,12.33,
Casagrande Muro 3 Sur,6/7/2015,0,11.99,11.99,
Casagrande Muro 3 Sur,6/9/2015,0,11.9,11.9,
Casagrande Muro 3 Sur,6/10/2015,0,11.86,11.86,
Casagrande Muro 3 Sur,6/15/2015,0,11.64,11.64,
Casagrande Muro 3 Sur,6/17/2015,0,11.61,11.61,
Casagrande Muro 3 Sur,6/20/2015,0,11.64,11.64,
Casagrande Muro 3 Sur,6/22/2015,0,11.54,11.54,
Casagrande Muro 3 Sur,6/24/2015,0,11.53,11.53,
Casagrande Muro 3 Sur,6/26/2015,0,11.48,11.48,
Casagrande Muro 3 Sur,6/30/2015,0,11.48,11.48,
Casagrande Muro 3 Sur,7/1/2015,0,11.5,11.5,
Casagrande Muro 3 Sur,7/2/2015,0,11.49,11.49,
Casagrande Muro 3 Sur,7/6/2015,0,11.54,11.54,
Casagrande Muro 3 Sur,7/8/2015,0,11.57,11.57,
Casagrande Muro 3 Sur,7/13/2015,0,11.67,11.67,
Casagrande Muro 3 Sur,7/15/2015,0,11.71,11.71,
Casagrande Muro 3 Sur,7/17/2015,0,11.8,11.8,
Casagrande Muro 3 Sur,7/19/2015,0,11.83,11.83,
Casagrande Muro 3 Sur,7/20/2015,0,11.77,11.77,
Casagrande Muro 3 Sur,7/22/2015,0,11.84,11.84,
Casagrande Muro 3 Sur,7/27/2015,0,11.97,11.97,
Casagrande Muro 3 Sur,7/29/2015,0,12.02,12.02,
Casagrande Muro 3 Sur,7/31/2015,0,12.06,12.06,
Casagrande Muro 3 Sur,8/3/2015,0,12.09,12.09,
Casagrande Muro 3 Sur,8/5/2015,0,12.05,12.05,
Casagrande Muro 3 Sur,8/10/2015,0,12.27,12.27,
Casagrande Muro 3 Sur,8/12/2015,0,12.32,12.32,
Casagrande Muro 3 Sur,8/31/2015,0,12.23,12.23,
Casagrande Muro 3 Sur,9/1/2015,0,12.65,12.65,
Casagrande Muro 3 Sur,9/2/2015,0,12.77,12.77,
Casagrande Muro 3 Sur,9/7/2015,0,12.85,12.85,
Casagrande Muro 3 Sur,9/9/2015,0,12.9,12.9,
Casagrande Muro 3 Sur,9/11/2015,0,13.19,13.19,
Casagrande Muro 3 Sur,9/21/2015,0,13.36,13.36,
Casagrande Muro 3 Sur,9/24/2015,0,13.38,13.38,
Casagrande Muro 3 Sur,9/25/2015,0,13.29,13.29,
Casagrande Muro 3 Sur,9/28/2015,0,13.26,13.26,
Casagrande Muro 3 Sur,9/30/2015,0,13.25,13.25,
Casagrande Muro 3 Sur,10/2/2015,0,13.28,13.28,
Casagrande Muro 3 Sur,10/4/2015,0,13.65,13.65,
Casagrande Muro 3 Sur,10/9/2015,0,13.5,13.5,
Casagrande Muro 3 Sur,10/12/2015,0,13.58,13.58,
Casagrande Muro 3 Sur,10/16/2015,0,13.5,13.5,
Casagrande Muro 3 Sur,10/18/2015,0,13.28,13.28,
Casagrande Muro 3 Sur,10/21/2015,0,13.26,13.26,
Casagrande Muro 3 Sur,10/24/2015,0,13.25,13.25,
Casagrande Muro 3 Sur,10/26/2015,0,13.25,13.25,
Casagrande Muro 3 Sur,10/29/2015,0,13.37,13.37,
Casagrande Muro 3 Sur,10/30/2015,0,13.4,13.4,
Casagrande Muro 3 Sur,10/31/2015,0,13.45,13.45,
Casagrande Muro 3 Sur,11/2/2015,0,13.56,13.56,
Casagrande Muro 3 Sur,11/5/2015,0,13.66,13.66,
Casagrande Muro 3 Sur,11/7/2015,0,13.5,13.5,
Casagrande Muro 3 Sur,11/8/2015,0,13.6,13.6,
Casagrande Muro 3 Sur,11/10/2015,0,13.5,13.5,
Casagrande Muro 3 Sur,11/11/2015,0,13.4,13.4,
Casagrande Muro 3 Sur,11/12/2015,0,13.27,13.27,
Casagrande Muro 3 Sur,11/15/2015,0,13.33,13.33,
Casagrande Muro 3 Sur,11/19/2015,0,13.34,13.34,
Casagrande Muro 3 Sur,11/21/2015,0,13.36,13.36,
Casagrande Muro 3 Sur,11/24/2015,0,13.4,13.4,
Casagrande Muro 3 Sur,11/26/2015,0,13.45,13.45,
Casagrande Muro 3 Sur,12/2/2015,0,13.47,13.47,
Casagrande Muro 3 Sur,12/8/2015,0,13.6,13.6,
Casagrande Muro 3 Sur,12/13/2015,0,13.57,13.57,
Casagrande Muro 3 Sur,12/16/2015,0,13.59,13.59,
Casagrande Muro 3 Sur,12/18/2015,0,13.65,13.65,
Casagrande Muro 3 Sur,12/21/2015,0,13.5,13.5,
Casagrande Muro 3 Sur,12/27/2015,0,13.5,13.5,
Casagrande Muro 3 Sur,1/1/2016,0,13.4,13.4,
Casagrande Muro 3 Sur,1/4/2016,0,13.35,13.35,
Casagrande Muro 3 Sur,1/15/2016,0,13.37,13.37,
Casagrande Muro 3 Sur,1/17/2016,0,13.3,13.3,
Casagrande Muro 3 Sur,1/19/2016,0,13.37,13.37,
Casagrande Muro 3 Sur,1/21/2016,0,13.4,13.4,
Casagrande Muro 3 Sur,1/24/2016,0,13.42,13.42,
Casagrande Muro 3 Sur,1/27/2016,0,13.46,13.46,
Casagrande Muro 3 Sur,2/1/2016,0,13.4,13.4,
Casagrande Muro 3 Sur,2/5/2016,0,13.44,13.44,
Casagrande Muro 3 Sur,2/8/2016,0,13.53,13.53,
Casagrande Muro 3 Sur,2/11/2016,0,13.59,13.59,
Casagrande Muro 3 Sur,2/15/2016,0,13.66,13.66,
Casagrande Muro 3 Sur,2/17/2016,0,13.77,13.77,
Casagrande Muro 3 Sur,2/21/2016,0,13.8,13.8,
Casagrande Muro 3 Sur,2/24/2016,0,13.82,13.82,
Casagrande Muro 3 Sur,2/27/2016,0,13.82,13.82,
Casagrande Muro 3 Sur,3/1/2016,0,13.82,13.82,
Casagrande Muro 3 Sur,3/4/2016,0,13.82,13.82,
Casagrande Muro 3 Sur,3/7/2016,0,13.8,13.8,
Casagrande Muro 3 Sur,3/9/2016,0,13.88,13.88,
Casagrande Muro 3 Sur,4/7/2016,0.18,12.42,12.24,
Casagrande Muro 3 Sur,5/13/2016,0.18,13.08,12.9,
Casagrande Muro 4 Noroeste,3/18/2015,0,,,seco
Casagrande Muro 4 Noroeste,3/26/2015,0,,,seco
Casagrande Muro 4 Noroeste,3/31/2015,0,,,seco
Casagrande Muro 4 Noroeste,4/2/2015,0,,,seco
Casagrande Muro 4 Noroeste,4/6/2015,0,,,seco
Casagrande Muro 4 Noroeste,4/9/2015,0,,,seco
Casagrande Muro 4 Noroeste,4/13/2015,0,,,seco
Casagrande Muro 4 Noroeste,4/20/2015,0,,,seco
Casagrande Muro 4 Noroeste,4/23/2015,0,,,seco
Casagrande Muro 4 Noroeste,4/27/2015,0,,,seco
Casagrande Muro 4 Noroeste,4/28/2015,0,,,seco
Casagrande Muro 4 Noroeste,4/29/2015,0,,,seco
Casagrande Muro 4 Noroeste,4/30/2015,0,,,seco
Casagrande Muro 4 Noroeste,5/4/2015,0,,,seco
Casagrande Muro 4 Noroeste,5/5/2015,0,,,seco
Casagrande Muro 4 Noroeste,5/6/2015,0,,,seco
Casagrande Muro 4 Noroeste,5/7/2015,0,22.2,22.2,
Casagrande Muro 4 Noroeste,5/11/2015,0,,,seco
Casagrande Muro 4 Noroeste,5/13/2015,0,,,seco
Casagrande Muro 4 Noroeste,5/15/2015,0,,,seco
Casagrande Muro 4 Noroeste,5/18/2015,0,,,seco
Casagrande Muro 4 Noroeste,5/20/2015,0,,,seco
Casagrande Muro 4 Noroeste,5/22/2015,0,,,seco
Casagrande Muro 4 Noroeste,5/25/2015,0,,,seco
Casagrande Muro 4 Noroeste,5/27/2015,0,22.37,22.37,
Casagrande Muro 4 Noroeste,5/30/2015,0,22.47,22.47,
Casagrande Muro 4 Noroeste,6/1/2015,0,22.45,22.45,
Casagrande Muro 4 Noroeste,6/3/2015,0,22.45,22.45,
Casagrande Muro 4 Noroeste,6/5/2015,0,22.42,22.42,
Casagrande Muro 4 Noroeste,6/7/2015,0,22.35,22.35,
Casagrande Muro 4 Noroeste,6/9/2015,0,22.4,22.4,
Casagrande Muro 4 Noroeste,6/10/2015,0,22.4,22.4,
Casagrande Muro 4 Noroeste,6/15/2015,0,22.4,22.4,
Casagrande Muro 4 Noroeste,6/17/2015,0,22.39,22.39,
Casagrande Muro 4 Noroeste,6/20/2015,0,22.43,22.43,
Casagrande Muro 4 Noroeste,6/22/2015,0,22.39,22.39,
Casagrande Muro 4 Noroeste,6/24/2015,0,22.39,22.39,
Casagrande Muro 4 Noroeste,6/26/2015,0,22.39,22.39,
Casagrande Muro 4 Noroeste,6/30/2015,0,22.4,22.4,
Casagrande Muro 4 Noroeste,7/1/2015,0,22.4,22.4,
Casagrande Muro 4 Noroeste,7/2/2015,0,22.4,22.4,
Casagrande Muro 4 Noroeste,7/6/2015,0,22.4,22.4,
Casagrande Muro 4 Noroeste,7/8/2015,0,22.44,22.44,
Casagrande Muro 4 Noroeste,7/13/2015,0,22.4,22.4,
Casagrande Muro 4 Noroeste,7/15/2015,0,22.39,22.39,
Casagrande Muro 4 Noroeste,7/17/2015,0,22.44,22.44,
Casagrande Muro 4 Noroeste,7/19/2015,0,22.43,22.43,
Casagrande Muro 4 Noroeste,7/20/2015,0,22.39,22.39,
Casagrande Muro 4 Noroeste,7/22/2015,0,22.39,22.39,
Casagrande Muro 4 Noroeste,7/27/2015,0,22.39,22.39,
Casagrande Muro 4 Noroeste,7/29/2015,0,22.39,22.39,
Casagrande Muro 4 Noroeste,7/31/2015,0,22.42,22.42,
Casagrande Muro 4 Noroeste,8/3/2015,0,22.39,22.39,
Casagrande Muro 4 Noroeste,8/5/2015,0,22.4,22.4,
Casagrande Muro 4 Noroeste,8/10/2015,0,22.4,22.4,
Casagrande Muro 4 Noroeste,8/12/2015,0,22.4,22.4,
Casagrande Muro 4 Noroeste,8/31/2015,0,12.5,12.5,
Casagrande Muro 4 Noroeste,9/1/2015,0,22.3,22.3,
Casagrande Muro 4 Noroeste,9/2/2015,0,22.61,22.61,
Casagrande Muro 4 Noroeste,9/7/2015,0,22.58,22.58,
Casagrande Muro 4 Noroeste,9/9/2015,0,22.6,22.6,
Casagrande Muro 4 Noroeste,9/11/2015,0,22.66,22.66,
Casagrande Muro 4 Noroeste,9/21/2015,0,22.64,22.64,
Casagrande Muro 4 Noroeste,9/24/2015,0,22.6,22.6,
Casagrande Muro 4 Noroeste,9/25/2015,0,22.54,22.54,
Casagrande Muro 4 Noroeste,9/28/2015,0,22.58,22.58,
Casagrande Muro 4 Noroeste,9/30/2015,0,22.59,22.59,
Casagrande Muro 4 Noroeste,10/2/2015,0,22.45,22.45,
Casagrande Muro 4 Noroeste,10/4/2015,0,22.41,22.41,
Casagrande Muro 4 Noroeste,10/9/2015,0,22.64,22.64,
Casagrande Muro 4 Noroeste,10/12/2015,0,22.64,22.64,
Casagrande Muro 4 Noroeste,10/16/2015,0,23,23,
Casagrande Muro 4 Noroeste,10/18/2015,0,22.64,22.64,
Casagrande Muro 4 Noroeste,10/21/2015,0,23.6,23.6,
Casagrande Muro 4 Noroeste,10/24/2015,0,22.61,22.61,
Casagrande Muro 4 Noroeste,10/26/2015,0,22.65,22.65,
Casagrande Muro 4 Noroeste,10/29/2015,0,22.64,22.64,
Casagrande Muro 4 Noroeste,10/30/2015,0,22.64,22.64,
Casagrande Muro 4 Noroeste,10/31/2015,0,22.64,22.64,
Casagrande Muro 4 Noroeste,11/2/2015,0,22.64,22.64,
Casagrande Muro 4 Noroeste,11/5/2015,0,22.68,22.68,
Casagrande Muro 4 Noroeste,11/7/2015,0,22.7,22.7,
Casagrande Muro 4 Noroeste,11/8/2015,0,23.7,23.7,
Casagrande Muro 4 Noroeste,11/10/2015,0,22.67,22.67,
Casagrande Muro 4 Noroeste,11/11/2015,0,22.64,22.64,
Casagrande Muro 4 Noroeste,11/12/2015,0,22.6,22.6,
Casagrande Muro 4 Noroeste,11/15/2015,0,22.64,22.64,
Casagrande Muro 4 Noroeste,11/19/2015,0,22.64,22.64,
Casagrande Muro 4 Noroeste,11/21/2015,0,22.66,22.66,
Casagrande Muro 4 Noroeste,11/24/2015,0,22.66,22.66,
Casagrande Muro 4 Noroeste,11/26/2015,0,22.64,22.64,
Casagrande Muro 4 Noroeste,12/2/2015,0,22.65,22.65,
Casagrande Muro 4 Noroeste,12/8/2015,0,22.68,22.68,
Casagrande Muro 4 Noroeste,12/13/2015,0,22.6,22.6,
Casagrande Muro 4 Noroeste,12/16/2015,0,23.71,23.71,
Casagrande Muro 4 Noroeste,12/18/2015,0,22.62,22.62,
Casagrande Muro 4 Noroeste,12/21/2015,0,22.61,22.61,
Casagrande Muro 4 Noroeste,12/27/2015,0,22.61,22.61,
Casagrande Muro 4 Noroeste,1/1/2016,0,22.64,22.64,
Casagrande Muro 4 Noroeste,1/4/2016,0,22.66,22.66,
Casagrande Muro 4 Noroeste,1/15/2016,0,22.64,22.64,
Casagrande Muro 4 Noroeste,1/17/2016,0,22.64,22.64,
Casagrande Muro 4 Noroeste,1/19/2016,0,22.64,22.64,
Casagrande Muro 4 Noroeste,1/21/2016,0,22.68,22.68,
Casagrande Muro 4 Noroeste,1/24/2016,0,22.68,22.68,
Casagrande Muro 4 Noroeste,1/27/2016,0,22.68,22.68,
Casagrande Muro 4 Noroeste,2/1/2016,0,22.67,22.67,
Casagrande Muro 4 Noroeste,2/5/2016,0,22.68,22.68,
Casagrande Muro 4 Noroeste,2/8/2016,0,22.7,22.7,
Casagrande Muro 4 Noroeste,2/11/2016,0,22.69,22.69,
Casagrande Muro 4 Noroeste,2/15/2016,0,22.67,22.67,
Casagrande Muro 4 Noroeste,2/17/2016,0,22.66,22.66,
Casagrande Muro 4 Noroeste,2/21/2016,0,22.67,22.67,
Casagrande Muro 4 Noroeste,2/24/2016,0,22.65,22.65,
Casagrande Muro 4 Noroeste,2/27/2016,0,22.63,22.63,
Casagrande Muro 4 Noroeste,3/1/2016,0,22.64,22.64,
Casagrande Muro 4 Noroeste,3/4/2016,0,22.64,22.64,
Casagrande Muro 4 Noroeste,3/7/2016,0,22.63,22.63,
Casagrande Muro 4 Noroeste,3/9/2016,0,22.63,22.63,
Casagrande Muro 4 Noroeste,4/7/2016,0.22,22.74,22.52,
Casagrande Muro 4 Noroeste,5/13/2016,0.22,22.73,22.51,
Casagrande Muro 4 Sureste,3/18/2015,0,26.02,26.02,
Casagrande Muro 4 Sureste,3/26/2015,0,25.88,25.88,
Casagrande Muro 4 Sureste,3/31/2015,0,25.76,25.76,
Casagrande Muro 4 Sureste,4/2/2015,0,25.72,25.72,
Casagrande Muro 4 Sureste,4/6/2015,0,25.63,25.63,
Casagrande Muro 4 Sureste,4/9/2015,0,25.56,25.56,
Casagrande Muro 4 Sureste,4/13/2015,0,25.47,25.47,
Casagrande Muro 4 Sureste,4/20/2015,0,25.31,25.31,
Casagrande Muro 4 Sureste,4/23/2015,0,25.27,25.27,
Casagrande Muro 4 Sureste,4/27/2015,0,25.19,25.19,
Casagrande Muro 4 Sureste,4/28/2015,0,25.18,25.18,
Casagrande Muro 4 Sureste,4/29/2015,0,25.2,25.2,
Casagrande Muro 4 Sureste,4/30/2015,0,25.17,25.17,
Casagrande Muro 4 Sureste,5/4/2015,0,25.07,25.07,
Casagrande Muro 4 Sureste,5/5/2015,0,25.04,25.04,
Casagrande Muro 4 Sureste,5/6/2015,0,24.99,24.99,
Casagrande Muro 4 Sureste,5/7/2015,0,24.95,24.95,
Casagrande Muro 4 Sureste,5/11/2015,0,24.8,24.8,
Casagrande Muro 4 Sureste,5/13/2015,0,24.78,24.78,
Casagrande Muro 4 Sureste,5/15/2015,0,24.78,24.78,
Casagrande Muro 4 Sureste,5/18/2015,0,24.72,24.72,
Casagrande Muro 4 Sureste,5/20/2015,0,24.66,24.66,
Casagrande Muro 4 Sureste,5/22/2015,0,24.58,24.58,
Casagrande Muro 4 Sureste,5/25/2015,0,24.5,24.5,
Casagrande Muro 4 Sureste,5/27/2015,0,24.43,24.43,
Casagrande Muro 4 Sureste,5/30/2015,0,24.39,24.39,
Casagrande Muro 4 Sureste,6/1/2015,0,24.33,24.33,
Casagrande Muro 4 Sureste,6/3/2015,0,24.21,24.21,
Casagrande Muro 4 Sureste,6/5/2015,0,24.16,24.16,
Casagrande Muro 4 Sureste,6/7/2015,0,24.12,24.12,
Casagrande Muro 4 Sureste,6/9/2015,0,24.06,24.06,
Casagrande Muro 4 Sureste,6/10/2015,0,24.06,24.06,
Casagrande Muro 4 Sureste,6/15/2015,0,23.92,23.92,
Casagrande Muro 4 Sureste,6/17/2015,0,23.9,23.9,
Casagrande Muro 4 Sureste,6/20/2015,0,23.84,23.84,
Casagrande Muro 4 Sureste,6/22/2015,0,23.77,23.77,
Casagrande Muro 4 Sureste,6/24/2015,0,23.77,23.77,
Casagrande Muro 4 Sureste,6/26/2015,0,23.7,23.7,
Casagrande Muro 4 Sureste,6/30/2015,0,23.66,23.66,
Casagrande Muro 4 Sureste,7/1/2015,0,23.69,23.69,
Casagrande Muro 4 Sureste,7/2/2015,0,23.72,23.72,
Casagrande Muro 4 Sureste,7/6/2015,0,23.88,23.88,
Casagrande Muro 4 Sureste,7/8/2015,0,23.86,23.86,
Casagrande Muro 4 Sureste,7/13/2015,0,23.89,23.89,
Casagrande Muro 4 Sureste,7/15/2015,0,23.89,23.89,
Casagrande Muro 4 Sureste,7/17/2015,0,23.93,23.93,
Casagrande Muro 4 Sureste,7/19/2015,0,23.87,23.87,
Casagrande Muro 4 Sureste,7/20/2015,0,23.82,23.82,
Casagrande Muro 4 Sureste,7/22/2015,0,23.77,23.77,
Casagrande Muro 4 Sureste,7/27/2015,0,23.79,23.79,
Casagrande Muro 4 Sureste,7/29/2015,0,23.75,23.75,
Casagrande Muro 4 Sureste,7/31/2015,0,23.85,23.85,
Casagrande Muro 4 Sureste,8/3/2015,0,23.8,23.8,
Casagrande Muro 4 Sureste,8/5/2015,0,23.84,23.84,
Casagrande Muro 4 Sureste,8/10/2015,0,23.93,23.93,
Casagrande Muro 4 Sureste,8/12/2015,0,23.9,23.9,
Casagrande Muro 4 Sureste,8/31/2015,0,24.2,24.2,
Casagrande Muro 4 Sureste,9/1/2015,0,24.1,24.1,
Casagrande Muro 4 Sureste,9/2/2015,0,24.17,24.17,
Casagrande Muro 4 Sureste,9/7/2015,0,24.12,24.12,
Casagrande Muro 4 Sureste,9/9/2015,0,24.16,24.16,
Casagrande Muro 4 Sureste,9/11/2015,0,24.19,24.19,
Casagrande Muro 4 Sureste,9/21/2015,0,24.15,24.15,
Casagrande Muro 4 Sureste,9/24/2015,0,24.1,24.1,
Casagrande Muro 4 Sureste,9/25/2015,0,24.2,24.2,
Casagrande Muro 4 Sureste,9/28/2015,0,24,24,
Casagrande Muro 4 Sureste,9/30/2015,0,23.9,23.9,
Casagrande Muro 4 Sureste,10/2/2015,0,23.92,23.92,
Casagrande Muro 4 Sureste,10/4/2015,0,23.76,23.76,
Casagrande Muro 4 Sureste,10/9/2015,0,23.93,23.93,
Casagrande Muro 4 Sureste,10/12/2015,0,23.87,23.87,
Casagrande Muro 4 Sureste,10/16/2015,0,23.65,23.65,
Casagrande Muro 4 Sureste,10/18/2015,0,23.7,23.7,
Casagrande Muro 4 Sureste,10/21/2015,0,23.6,23.6,
Casagrande Muro 4 Sureste,10/24/2015,0,23.6,23.6,
Casagrande Muro 4 Sureste,10/26/2015,0,23.67,23.67,
Casagrande Muro 4 Sureste,10/29/2015,0,23.64,23.64,
Casagrande Muro 4 Sureste,10/30/2015,0,23.64,23.64,
Casagrande Muro 4 Sureste,10/31/2015,0,23.67,23.67,
Casagrande Muro 4 Sureste,11/2/2015,0,23.67,23.67,
Casagrande Muro 4 Sureste,11/5/2015,0,23.69,23.69,
Casagrande Muro 4 Sureste,11/7/2015,0,23.7,23.7,
Casagrande Muro 4 Sureste,11/8/2015,0,23.75,23.75,
Casagrande Muro 4 Sureste,11/10/2015,0,23.7,23.7,
Casagrande Muro 4 Sureste,11/11/2015,0,23.65,23.65,
Casagrande Muro 4 Sureste,11/12/2015,0,23.64,23.64,
Casagrande Muro 4 Sureste,11/15/2015,0,23.68,23.68,
Casagrande Muro 4 Sureste,11/19/2015,0,23.68,23.68,
Casagrande Muro 4 Sureste,11/21/2015,0,23.67,23.67,
Casagrande Muro 4 Sureste,11/24/2015,0,23.7,23.7,
Casagrande Muro 4 Sureste,11/26/2015,0,23.74,23.74,
Casagrande Muro 4 Sureste,12/2/2015,0,23.86,23.86,
Casagrande Muro 4 Sureste,12/8/2015,0,23.69,23.69,
Casagrande Muro 4 Sureste,12/13/2015,0,23.7,23.7,
Casagrande Muro 4 Sureste,12/16/2015,0,23.6,23.6,
Casagrande Muro 4 Sureste,12/18/2015,0,23.73,23.73,
Casagrande Muro 4 Sureste,12/21/2015,0,23.73,23.73,
Casagrande Muro 4 Sureste,12/27/2015,0,23.7,23.7,
Casagrande Muro 4 Sureste,1/1/2016,0,23.71,23.71,
Casagrande Muro 4 Sureste,1/4/2016,0,23.77,23.77,
Casagrande Muro 4 Sureste,1/15/2016,0,23.72,23.72,
Casagrande Muro 4 Sureste,1/17/2016,0,23.72,23.72,
Casagrande Muro 4 Sureste,1/19/2016,0,23.72,23.72,
Casagrande Muro 4 Sureste,1/21/2016,0,23.75,23.75,
Casagrande Muro 4 Sureste,1/24/2016,0,23.81,23.81,
Casagrande Muro 4 Sureste,1/27/2016,0,23.87,23.87,
Casagrande Muro 4 Sureste,2/1/2016,0,23.78,23.78,
Casagrande Muro 4 Sureste,2/5/2016,0,23.75,23.75,
Casagrande Muro 4 Sureste,2/8/2016,0,23.77,23.77,
Casagrande Muro 4 Sureste,2/11/2016,0,23.79,23.79,
Casagrande Muro 4 Sureste,2/15/2016,0,23.81,23.81,
Casagrande Muro 4 Sureste,2/17/2016,0,23.82,23.82,
Casagrande Muro 4 Sureste,2/21/2016,0,23.8,23.8,
Casagrande Muro 4 Sureste,2/24/2016,0,23.82,23.82,
Casagrande Muro 4 Sureste,2/27/2016,0,23.87,23.87,
Casagrande Muro 4 Sureste,3/1/2016,0,23.85,23.85,
Casagrande Muro 4 Sureste,3/4/2016,0,23.86,23.86,
Casagrande Muro 4 Sureste,3/7/2016,0,23.84,23.84,
Casagrande Muro 4 Sureste,3/9/2016,0,23.84,23.84,
Casagrande Muro 4 Sureste,4/7/2016,0.22,23.32,23.1,
Casagrande Muro 4 Sureste,5/13/2016,0.22,23.46,23.24,
CB-10,11/27/2012,0.75,95.72,94.97,
CB-10,12/15/2012,0.75,92.4,91.65,
CB-10,1/12/2013,0.75,91.34,90.59,
CB-10,2/12/2013,0.75,91.2,90.45,
CB-10,3/12/2013,0.75,91.15,90.4,
CB-10,4/12/2013,0.75,91.1,90.35,
CB-10,5/12/2013,0.75,91.07,90.32,
CB-10,6/12/2013,0.75,91.05,90.3,
CB-10,7/12/2013,0.75,91,90.25,
CB-10,8/12/2013,0.75,90.99,90.24,
CB-10,9/1/2013,0.75,90.96,90.21,
